,id,code,statDate,pubDate,statDate.1,eps,adjusted_profit,operating_profit,value_change_profit,roe,inc_return,roa,net_profit_margin,gross_profit_margin,expense_to_total_revenue,operation_profit_to_total_revenue,net_profit_to_total_revenue,operating_expense_to_total_revenue,ga_expense_to_total_revenue,financing_expense_to_total_revenue,operating_profit_to_profit,invesment_profit_to_profit,adjusted_profit_to_profit,goods_sale_and_service_to_revenue,ocf_to_revenue,ocf_to_operating_profit,inc_total_revenue_year_on_year,inc_total_revenue_annual,inc_revenue_year_on_year,inc_revenue_annual,inc_operation_profit_year_on_year,inc_operation_profit_annual,inc_net_profit_year_on_year,inc_net_profit_annual,inc_net_profit_to_shareholders_year_on_year,inc_net_profit_to_shareholders_annual
0,55810,300803.XSHE,2024-12-31,2025-01-25,2024-12-31,0.2544,96522200.0,-97512384.0,147968487.0,5.0598,4.6871,1.278,8.6004,88.6596,106.3786,6.7292,6.8152,52.6171,29.5827,1.2737,-96.3307,146.1753,92.6343,100.8581,292.913,-4592.1175,37.3704,,22.7461,,62.8057,,43.5087,,43.5028,
1,55811,300708.XSHE,2024-12-31,2025-01-25,2024-12-31,0.2892,185732675.2,220461756.47,-7433373.36,6.9854,6.6333,4.1739999999999995,7.0878,13.6956,92.01100000000001,7.7592,7.0878,0.7659999999999999,1.5665,-1.5530000000000002,104.1717,-3.5124,94.9587,112.5175,19.0064,237.9068,11.2309,,11.2309,,170.8043,,61.4422,,61.4422,
2,55816,603535.XSHG,2024-12-31,2025-02-20,2024-12-31,0.5929,205449888.77,256203671.81,1834770.59,8.0677,8.0989,4.5021,15.235999999999999,32.8636,80.9634,17.1091,15.235999999999999,2.9586,4.8687,3.8637,113.4051,0.8121,100.3866,89.4605,11.0259,57.9196,9.8259,,9.8259,,20.7094,,24.7768,,24.5269,
3,55817,301522.XSHE,2024-12-31,2025-02-25,2024-12-31,0.4345,130041225.95,135354508.63,4321011.89,10.7475,8.6499,4.8113,6.4412,13.9133,94.6041,7.006,6.4412,0.9993,2.0258,1.0513,77.1928,2.4643,80.4832,96.9458,3.2971,61.104,23.2892,,23.2892,,6.4595,,7.1419,,7.1419,
4,55818,603050.XSHG,2024-12-31,2025-02-25,2024-12-31,0.6526,141765711.15,220953653.57,1666888.5,10.9657,8.7413,3.4468,4.4003,21.6446,94.6093,4.3587,4.4003,6.3135,3.4074,0.8017,123.7326,0.9334,79.7151,90.0721,2.4017,44.553000000000004,4.9754,,4.9754,,-46.1038,,-40.9363,,-40.5385,
5,55819,300033.XSHE,2024-12-31,2025-02-25,2024-12-31,3.3915,1764896337.92,1868498124.36,20973456.19,23.8441,23.0807,17.5135,43.5483,89.4096,55.3716,46.9785,43.5483,14.1411,5.2875,-4.9184,95.0917,1.0674,96.7986,116.6388,55.305,123.9234,17.465999999999998,,17.465999999999998,,30.1012,,30.0042,,30.0041,
6,55820,600535.XSHG,2024-12-31,2025-02-25,2024-12-31,0.6396,1035706322.69,1441353015.45,-213447906.03,7.8741,8.5343,5.4215,10.1087,67.1428,83.0392,12.6607,10.1087,35.1641,4.0644,-0.2963,134.871,-19.9729,108.3844,108.9049,23.7059,139.7686,-2.0276,,-2.0276,,-12.3756,,-15.5005,,-10.7823,
7,55824,603196.XSHG,2024-12-31,2025-02-26,2024-12-31,-0.6693,-165577514.78,-25707740.7,238864.88,-22.1019,-23.0713,-14.4465,-18.3388,55.5636,102.9688,-16.9923,-18.3388,39.0003,14.6498,0.8744,17.3483,-0.1612,104.3857,124.8266,11.4029,-384.0837,-15.6812,,-15.6812,,-676.5184,,-1029.917,,-1028.8745,
8,55825,002188.XSHE,2024-12-31,2025-02-26,2024-12-31,0.0216,26012421.06,39929614.7,0.0,3.264,11.9917,1.6725,1.8932,22.5338,88.9988,9.7927,1.8932,1.1417,9.8498,-0.2443,244.41099999999997,0.0,367.3965,97.0155,-7.0138,-63.7552,6.8015,,6.8015,,-28.6422,,-65.693,,-64.9838,
9,55826,002315.XSHE,2024-12-31,2025-02-26,2024-12-31,1.4222,437549981.54,465978863.01,22958528.08,18.125,17.5772,11.1906,27.3795,80.3854,72.0774,29.8164,27.2473,36.0348,9.7254,-3.1262,93.9493,4.6288,96.9777,118.8543,42.3049,151.5075,9.3183,,9.3082,,25.5009,,18.8884,,19.089000000000002,
10,55827,688082.XSHG,2024-12-31,2025-02-27,2024-12-31,2.6284,1108846723.27,1311165095.95,56492225.54,16.3296,15.7017,10.5399,20.5276,48.8643,76.6603,23.1397,20.5276,7.5159,5.332999999999999,-0.4764,100.807,4.3433,96.1549,99.4731,21.6483,92.7528,44.4765,,44.4765,,34.8605,,26.6514,,26.6513,
11,55828,002675.XSHE,2024-12-31,2025-02-27,2024-12-31,0.2229,79274001.79,219884675.98,-12916535.71,3.9721,1.7129,1.692,4.9295,47.1397,92.3357,7.6964,4.9295,14.4572,11.0442,2.6921,100.3568,-5.8952,43.1245,99.0436,10.009,130.5915,-12.4162,,-12.4162,,-35.3731,,-44.3683,,-12.3537,
12,55829,600506.XSHG,2024-12-31,2025-02-28,2024-12-31,0.1635,19148742.98,19917762.67,141419.73,7.4267,4.5309,1.5388,1.3565,20.3995,99.1392,1.7732,1.3565,9.3342,4.8833,2.5532,47.8941,0.3401,61.0074,105.8268,18.494,2148.4566,3.3491,,3.3491,,164.2126,,164.0765,,164.0765,
13,55830,600359.XSHG,2024-12-31,2025-02-28,2024-12-31,0.0834,17861411.45,54325284.65,0.0,4.8309,2.7108,2.6223,5.8245,23.0245,90.4996,4.6218,5.8245,1.7951,7.8635,0.4459,167.7161,0.0,56.1123,97.6883,14.3267,150.8011,4.2573,,4.2573,,-62.3837,,-51.4493,,-53.8075,
14,55831,600816.XSHG,2024-12-31,2025-02-28,2024-12-31,0.0054,83670493.81,54063900.67,21789353.49,0.3969,0.6247,0.2246,1106.893,98.4904,82.5788,54.4241,16.7093,,77.1067,,102.5253,69.2174,157.3846,,84.9813,487.8038,-7.1508,,,,-37.6158,,22.9413,,25.1498,
15,55832,300842.XSHE,2024-12-31,2025-02-28,2024-12-31,2.5584,439103856.09,535476137.56,-155395178.12,24.0198,29.3009,4.7237,2.2489,9.3846,96.5117,2.2754,2.2489,1.2936,0.4608,0.8312,146.817,-42.6063,121.9863,98.1535,6.1151,175.3025,59.8548,,59.8548,,-14.4206,,-8.5902,,-6.6588,
16,55833,600299.XSHG,2024-12-31,2025-02-28,2024-12-31,0.4491,1346220882.0,1865551111.0,-131237310.0,7.8767,8.8048,5.5081,7.76,30.2138,87.9907,11.1073,7.76,8.6976,5.8357,0.361,118.4851,-8.3352,111.7821,101.9393,18.956,157.8445,17.829,,17.829,,2423.5399,,2188.2701,,2208.6628,
17,55834,002818.XSHE,2024-12-31,2025-02-28,2024-12-31,0.9222,681709696.12,796447165.44,48065726.86,11.7567,11.6111,9.9667,49.1374,67.2429,44.2998,58.8719,49.1374,0.3632,4.5419,-0.0543,95.1139,5.7401,98.7617,98.5864,57.0493,102.42200000000001,-6.1802,,-6.1802,,-12.7991,,-14.9385,,-14.3888,
18,55835,001207.XSHE,2024-12-31,2025-02-28,2024-12-31,1.3449,269861969.91,303342090.94,-7057379.97,15.0149,14.8886,10.709000000000001,12.1079,19.2456,86.61200000000001,13.831,12.1079,0.8074,1.7076,-0.7725,97.1431,-2.2601,99.15899999999999,67.6052,8.8417,66.042,18.2122,,18.2122,,63.1686,,61.0158,,61.463,
19,55836,605077.XSHG,2024-12-31,2025-02-28,2024-12-31,0.8777,259209019.09,265110902.49,18035441.81,8.4791,8.1862,4.0819,9.5708,21.7713,90.5602,10.3027,9.5708,1.8617,4.7646,0.2983,92.5126,6.2936,96.5455,99.1079,5.2163,55.2585,0.925,,0.925,,-32.2518,,-27.8194,,-27.7205,
20,55837,688486.XSHG,2024-12-31,2025-02-28,2024-12-31,1.4119,111425364.58,115536156.91,24884415.15,10.0942,7.7885,9.6632,30.9894,55.4847,75.207,31.8823,30.9894,2.3759,5.9237,0.1438,75.54,16.27,77.1583,99.9159,25.0831,101.1701,44.2075,,44.2075,,44.5201,,40.6211,,40.6211,
21,55838,002162.XSHE,2024-12-31,2025-02-28,2024-12-31,-0.1599,-167586639.58,-25064559.26,-5841234.69,-16.1767,-18.4266,-6.7934,-12.459000000000001,21.3247,102.0815,-9.1463,-12.459000000000001,13.8539,6.1806,1.6426,22.4954,5.2425,113.90799999999999,104.266,6.8288,-328.07,-5.7894,,-5.7894,,-361.3392,,-412.3359,,-393.8741,
22,55840,603009.XSHG,2024-12-31,2025-02-28,2024-12-31,0.21100000000000002,54958707.9,93617575.86,-1699642.98,4.386,3.3743,2.1829,3.6653,18.4511,95.3735,3.9228,3.6653,1.6555,5.1249,1.4198,110.7405,-2.0105,76.9344,75.4192,12.0264,259.9461,7.5696,,7.5696,,33.6043,,50.245,,40.4319,
23,55841,688100.XSHG,2024-12-31,2025-02-28,2024-12-31,1.2827,610186963.39,676506211.91,15276060.36,20.061,19.4094,13.6938,22.9861,39.7402,75.3529,26.4322,22.9861,4.573,1.9405,-0.9491,93.2923,2.1066,96.7522,84.0664,17.2632,70.0414,23.3467,,23.3467,,20.5711,,19.8671,,20.0682,
24,55842,002138.XSHE,2024-12-31,2025-02-28,2024-12-31,1.032,781112982.61,1072826712.56,-5541262.09,13.6112,12.7774,7.5198,16.1151,36.4961,81.807,18.5022,16.1151,1.7486,5.1538,1.499,99.0379,-0.5115,93.8743,101.5675,24.2701,133.4033,16.9924,,16.9924,,29.2145,,28.4129,,29.9056,
25,55843,002271.XSHE,2024-12-31,2025-02-28,2024-12-31,0.0444,123619631.71,1550501670.49,-65411763.0,0.4058,0.4638,0.1575,0.2691,25.799,94.4735,2.1373,0.2691,10.2529,6.3576,0.5985,289.9251,-12.2312,114.2793,105.4775,12.3235,222.9887,-14.5233,,-14.5233,,-79.663,,-96.6982,,-95.2416,
26,55845,688041.XSHG,2024-12-31,2025-03-01,2024-12-31,0.8308,1815777649.92,2674719529.47,6797001.09,9.9137,9.3222,10.5591,29.6541,63.7202,70.8069,30.438000000000002,29.6541,1.9156,1.5482,-1.9864,96.06,0.2441,94.0335,117.2948,10.6643,36.5302,52.3977,,52.3977,,66.0365,,59.7096,,52.8676,
27,55846,000063.XSHE,2024-12-31,2025-03-01,2024-12-31,1.7612,6179069000.0,7667262000.0,-512737000.0,11.9656,8.776,4.0931,6.8885,37.9127,93.679,7.7018,6.8885,7.3377,3.6909,-0.2181,83.0725,-5.5554,73.3439,105.4675,9.4641,149.7255,-2.3759,,-2.3759,,-8.9312,,-9.5796,,-9.661,
28,55851,300353.XSHE,2024-12-31,2025-03-04,2024-12-31,0.0628,9234351.08,-43228312.62,958031.34,1.8023,0.4308,1.1157,4.1293,47.0573,104.2004,4.6867,4.1293,14.4566,14.6599,2.4104,-100.4786,2.2268,23.9025,96.5861,3.0295,-72.1236,-11.5153,,-11.5153,,-80.5602,,-83.7158,,-85.1569,
29,55852,688568.XSHG,2024-12-31,2025-03-04,2024-12-31,0.6473,239541958.54,555558230.37,-8479416.21,9.5004,6.4707,7.3452,16.1436,49.5888,82.9449,15.8101,16.1436,7.5634,9.2797,0.0274,100.8931,-1.5399,68.11,75.357,-2.4914,-14.607999999999999,29.4893,,29.4893,,16.3092,,9.1265,,2.6709,
30,55853,000429.XSHE,2024-12-31,2025-03-04,2024-12-31,0.7471,1644578715.04,2581116819.06,305484195.94,15.3785,16.1903,9.6,46.0166,64.3083,43.5192,60.7399,46.0166,,4.4506,2.7581,93.0437,11.012,105.2785,103.8413,71.2567,126.161,-6.3365,,-6.3365,,-7.2755,,-7.047000000000001,,-4.3878,
31,55855,603019.XSHG,2024-12-31,2025-03-05,2024-12-31,1.3061,1371680480.29,1412572488.06,563123157.65,9.7877,7.0249,5.843,15.1618,29.1612,89.2561,17.3971,15.1618,5.8791,2.6843,-0.4039,61.669,24.5844,71.7724,114.2468,20.7019,192.685,-8.3955,,-8.3955,,5.1377,,6.1519,,4.0989,
32,55858,603759.XSHG,2024-12-31,2025-03-06,2024-12-31,0.6601,271849850.4,394471526.68,9971380.44,11.4886,10.2459,5.1374,21.7468,48.9378,74.0242,23.7028,21.7468,1.5936,13.5257,6.0146,104.2794,2.636,89.18299999999999,83.0697,30.1066,115.9022,18.9485,,18.9485,,27.1408,,39.4826,,25.9687,
33,55859,603103.XSHG,2024-12-31,2025-03-07,2024-12-31,-0.152,-223337035.7,-192491445.62,22248467.33,-7.686,-17.8111,-2.2634,-4.8885,3.2061,109.7638,-5.53,-4.8885,1.0293,3.6559,4.2793,225.9045,-26.1104,231.7343,130.1464,23.7724,-243.4741,-16.0691,,-16.0691,,-169.9427,,-158.1092,,-158.1092,
34,55860,000534.XSHE,2024-12-31,2025-03-07,2024-12-31,0.3778,160423440.22,181161201.24,513554.19,14.9838,12.4714,5.2636,17.2968,75.0371,83.2082,20.7131,17.2968,24.9288,12.7188,3.5097,80.5277,0.2283,83.2328,95.21700000000001,10.5905,63.0691,9.9268,,9.9268,,-8.399,,-1.1703,,9.1675,
35,55861,600113.XSHG,2024-12-31,2025-03-08,2024-12-31,0.3197,113050563.94,160179763.79,7464738.25,5.6827,4.769,3.2781,16.6619,38.7619,77.8305,22.8896,16.6619,4.5806,10.6475,-0.6853,97.7855,4.5569999999999995,83.9214,111.227,16.0313,72.3124,-18.4351,,-18.4351,,-35.1965,,-42.4727,,-34.9384,
36,55862,603303.XSHG,2024-12-31,2025-03-08,2024-12-31,0.7282,298995195.88,389892989.81,14043685.72,9.8532,8.4828,5.9688,7.777,19.2104,91.2012,7.6952,7.777,3.7693,4.7359,-2.4744,99.4792,3.5832,86.0921,99.5427,13.2081,150.112,-5.6589,,-5.6589,,-6.9216,,-8.8325,,-7.5311,
37,55863,600151.XSHG,2024-12-31,2025-03-08,2024-12-31,-0.0496,-167697125.85,-171368017.59,90405022.56,-1.4529,-3.4236,-0.922,-1.6543,9.5006,103.204,-1.3793,-1.6543,2.0344,5.5871,1.4192,268.8835,-141.8492,235.6457,92.809,-3.9882,124.4787,-42.0241,,-42.0241,,76.6083,,82.0437,,83.2934,
38,55864,002668.XSHE,2024-12-31,2025-03-08,2024-12-31,0.9402,997684481.83,2295114444.48,74794021.05,53.2186,52.0927,14.132,10.5695,23.0282,87.4999,12.2306,10.5695,3.4861,3.9201,-0.8419,102.5186,3.3409,97.8845,99.8988,12.2367,97.89299999999999,20.9567,,20.9567,,25.6618,,26.2027,,29.5774,
39,55865,000795.XSHE,2024-12-31,2025-03-08,2024-12-31,0.2184,212879864.76,320015422.8,8867512.91,9.1966,7.9055,5.7275,6.175,20.7107,92.0171,6.8219,6.175,2.5667,5.6851,-0.8852,118.3512,3.2795,85.9606,99.5237,14.5922,182.7936,-0.6664,,-0.6664,,143.942,,160.4129,,176.5185,
40,55866,600605.XSHG,2024-12-31,2025-03-08,2024-12-31,0.461,17353466.54,31638166.43,3673772.48,7.1048,1.2964,6.0388,69.6606,44.2188,76.8257,24.9984,69.6606,5.5361,24.311999999999998,-10.8534,26.4086,3.0665,18.2471,96.8901,53.0543,228.9363,5.0292,,5.0292,,92.35700000000001,,75.6222,,68.4601,
41,55867,605499.XSHG,2024-12-31,2025-03-08,2024-12-31,6.3974,3262248937.81,3958628947.05,128264436.09,47.4852,46.5651,17.7949,21.0017,44.8094,75.0068,26.1684,21.0017,16.9272,2.6874,-1.203,96.38,3.1228,98.0624,128.9875,36.5519,146.2478,40.6299,,40.6299,,60.1306,,63.0784,,63.0921,
42,55868,600830.XSHG,2024-12-31,2025-03-08,2024-12-31,0.11699999999999999,49401758.76,158550376.75,-497840.34,2.4807,2.3048,1.7027,22.7512,68.6085,61.2117,26.8194,18.6572,9.609,18.133,-1.6527,144.7262,-0.4544,92.9096,91.8781,-162.4013,-418.6862,55.6292,,80.3643,,24.7222,,101.5573,,139.5343,
43,55873,001376.XSHE,2024-12-31,2025-03-11,2024-12-31,0.4149,172488196.46,233667656.85,1019569.94,18.2878,16.4956,12.3411,16.8786,31.6387,79.3668,22.2435,16.8786,0.2336,9.3056,0.639,91.7789,0.4005,90.1998,102.2599,28.5107,138.1788,4.6482,,4.6482,,39.3783,,45.7864,,45.6103,
44,55874,002245.XSHE,2024-12-31,2025-03-11,2024-12-31,0.4235,429202170.01,552350884.88,31374751.7,7.2948,6.417999999999999,4.8687,8.0456,17.6278,91.8245,8.8353,8.0456,0.8747,1.7327,0.2981,86.9191,4.9372,87.9802,76.6726,16.1824,197.938,29.3831,,29.3831,,244.8328,,171.9822,,246.43400000000003,
45,55875,600433.XSHG,2024-12-31,2025-03-11,2024-12-31,0.1044,51075362.32,-31644985.94,156987367.83,4.0319,1.1209,1.4125,2.0076,9.4393,100.417,2.5031,2.0076,0.9267,2.7761,0.9101,-17.9438,89.0173,27.8011,95.336,3.8704,-928.1158,2.4994,,2.4994,,184.5518,,180.3185,,497.315,
46,55876,301277.XSHE,2024-12-31,2025-03-11,2024-12-31,0.62,160586969.82,188130742.83,13747427.64,11.6132,10.7409,10.1081,23.8165,40.5515,74.1023,27.3378,23.8165,0.7834,5.7723,-0.3884,95.3282,6.966,92.4884,52.9618,17.4495,67.3784,11.5131,,11.5131,,8.664,,10.0571,,9.215,
47,55877,603132.XSHG,2024-12-31,2025-03-11,2024-12-31,0.4877,503073074.03,585906740.46,0.0,14.8014,15.6117,7.8756,30.9906,62.6114,61.9308,38.4323,30.9906,0.061,11.3179,5.9186,104.584,0.0,105.47399999999999,110.6314,51.1612,134.3902,19.9678,,19.9678,,47.1729,,39.0998,,39.0632,
48,55878,688093.XSHG,2024-12-31,2025-03-11,2024-12-31,1.0648,259304435.37,301229094.73,18399891.62,14.5267,13.4694,13.2732,35.1912,56.2067,62.0945,40.6268,35.1912,4.8138,6.7407,-0.6007,93.6049,5.7176,92.7218,100.8042,28.7762,75.9154,55.3634,,55.3634,,42.6315,,44.5569,,44.5569,
49,55879,603093.XSHG,2024-12-31,2025-03-11,2024-12-31,0.7507,454421780.17,517993738.89,30398525.64,11.7149,11.6241,1.0753,8.0194,,90.9309,9.0691,8.0194,,12.7748,,93.4702,5.8273,99.2247,98.6317,207.6832,2290.0012,-8.5633,,-8.5633,,6.462999999999999,,13.707,,13.9646,
50,55880,002145.XSHE,2024-12-31,2025-03-11,2024-12-31,0.146,437196618.1,543540091.97,57539856.35,4.7205,3.6522,2.9738,8.2206,17.4118,92.0935,9.7898,8.2206,0.7131,6.4363,-1.5594,81.0637,8.5815,77.3697,89.7637,4.9874,63.0802,38.9774,,38.9774,,33.906,,34.6688,,34.8368,
51,55881,000739.XSHE,2024-12-31,2025-03-11,2024-12-31,0.8818,984439126.95,1162873142.46,-10127455.96,15.9066,15.1865,8.0861,8.5748,23.8454,90.32700000000001,10.0822,8.5748,5.3256,4.0006,-0.958,96.6411,-0.8416,95.4726,80.8267,10.0546,103.9454,4.7733,,4.7733,,-0.6615,,-2.3178,,-2.2949,
52,55882,605339.XSHG,2024-12-31,2025-03-11,2024-12-31,0.4747,182566913.07,219813882.54,0.0,5.926,5.372000000000001,4.7952,6.376,24.1555,93.0424,7.3837,6.376,8.2905,6.027,-1.2224,92.0028,0.0,90.6515,125.5119,7.3293,105.3422,2.4929,,2.4929,,-14.7143,,-13.36,,-13.3395,
53,55883,688368.XSHG,2024-12-31,2025-03-12,2024-12-31,-0.3763,-9009472.88,-43773576.93,-13268411.64,-2.5043,-0.6827,-0.1777,-0.2672,37.121,102.9112,-0.4287,-0.2672,4.1341,8.5179,0.4729,828.8518,251.2371,27.259,101.7209,19.0088,-652.9486,15.3758,,15.3758,,90.4834,,94.9259,,63.7834,
54,55884,002838.XSHE,2024-12-31,2025-03-12,2024-12-31,0.3146,117256659.15,122256152.81,7800313.64,4.5469,3.7828,2.659,2.8678,11.8436,97.6936,2.9221,2.8678,1.0364,2.3992,0.914,76.4848,4.88,83.1963,92.1679,-5.6872,-246.5858,16.6522,,16.6522,,-8.6662,,-2.006,,0.6725,
55,55885,600422.XSHG,2024-12-31,2025-03-12,2024-12-31,0.8561,419206143.36,851243568.81,21849090.23,10.9694,7.0955,6.0323,8.9416,43.4598,89.8679,11.0403,8.9416,26.4964,4.4188,0.1665,91.084,2.3379,64.6842,97.3118,9.6182,94.9277,-0.3408,,-0.3408,,17.4601,,16.8899,,19.8573,
56,55886,603122.XSHG,2024-12-31,2025-03-12,2024-12-31,0.0693,26109701.25,29758290.44,-1152780.9,2.3578,2.2332,1.9266,3.0314,19.6022,96.8313,4.2128,3.0314,8.0769,7.7455,-0.1656,75.40100000000001,-2.9209,94.71600000000001,114.3694,14.1356,446.105,-14.0456,,-14.0456,,-40.5757,,-39.6343,,-41.5806,
57,55887,600963.XSHG,2024-12-31,2025-03-12,2024-12-31,0.0944,-202806181.97,239267518.64,69104264.37,1.9626,-2.3872,0.846,2.0561,13.1095,97.0586,2.7375,2.0561,1.3913,2.5823,1.5577,148.7332,42.9565,-121.6364,106.8905,9.3828,318.9924,-17.7578,,-17.7578,,-35.9642,,108.2708,,118.0519,
58,55888,000713.XSHE,2024-12-31,2025-03-12,2024-12-31,0.1137,51594014.58,88351416.31,5019062.62,3.5251,2.6041,1.9539,2.0764,15.7411,96.9805,2.0381,2.0764,4.8306,4.2427,0.0832,139.7856,7.9409,73.8728,92.3518,-0.9631,-31.8963,-6.0261,,-6.0261,,57.2425,,57.0959,,73.6747,
59,55889,605299.XSHG,2024-12-31,2025-03-12,2024-12-31,0.2194,69540956.53,104061031.08,9694695.9,6.9511,5.3512,4.5271,6.3745,30.5567,92.6567,8.1244,6.3745,11.3665,7.4110000000000005,0.0035,92.8801,8.652999999999999,76.983,106.2436,7.7169,105.0876,-0.3639,,-0.3639,,-31.8254,,-29.9583,,-29.9583,
60,55890,600721.XSHG,2024-12-31,2025-03-12,2024-12-31,0.10800000000000001,29652763.33,92702464.81,3370093.54,5.6619,4.0476,3.8114,10.7527,51.1878,75.9686,9.6008,10.7527,2.9471,15.5604,-0.3629,251.4675,9.1418,71.4885,101.4596,20.8133,86.6089,4.4623,,4.4623,,106.259,,219.7499,,219.7499,
61,55891,002056.XSHE,2024-12-31,2025-03-12,2024-12-31,1.123,1672009645.14,2191518297.55,-2004745.22,19.1313,17.5105,8.05,9.8506,19.7789,88.1913,11.4034,9.8506,1.2714,3.2552,-0.9025,103.195,-0.0944,91.52799999999999,94.8458,18.9798,160.7279,-5.9526,,-5.9526,,1.5568,,-0.003,,0.4595,
62,55892,600989.XSHG,2024-12-31,2025-03-12,2024-12-31,0.8642,6780001656.42,7795068200.41,16098105.5,15.5444,16.6293,7.8633,19.215,33.1467,76.3663,23.7345,19.215,0.3558,2.6526,2.2569,106.9822,0.2209,106.9793,108.3335,26.9765,114.1444,13.2051,,13.2051,,15.3615,,12.1591,,12.1591,
63,55893,002916.XSHE,2024-12-31,2025-03-13,2024-12-31,3.6608,1739872642.1,1967961685.72,5241188.96,13.5073,12.5167,7.8429,10.4913,24.834,89.0104,11.3263,10.4913,1.7045,4.0483,0.2612,97.2622,0.259,92.6664,93.8409,16.6535,151.5386,32.3886,,32.3886,,45.1334,,34.4224,,34.2927,
64,55894,000999.XSHE,2024-12-31,2025-03-13,2024-12-31,2.6224,3117867348.32,4370718532.22,40509703.22,17.3289,16.0424,9.4172,13.6792,51.8564,84.1736,16.2041,13.6792,26.1441,6.0029,-0.0876,95.1478,0.8819,92.5763,101.1965,15.9404,100.7203,11.632,,11.632,,19.2268,,19.041,,18.0501,
65,55895,301389.XSHE,2024-12-31,2025-03-13,2024-12-31,0.2901,77434121.87,99154513.85,3634995.73,3.6951,3.4795,3.5621,28.5584,47.9664,65.5644,33.6441,28.5584,6.6066,9.2704,-12.243,102.3546,3.7523,94.1658,107.1273,19.9769,58.0125,8.5116,,8.5116,,-14.0752,,-15.0172,,-15.0172,
66,55896,300918.XSHE,2024-12-31,2025-03-13,2024-12-31,0.5216,182517620.87,236763739.67,1534783.54,9.0505,8.6556,4.5917,11.7954,33.5816,85.3474,12.5519,11.7954,7.4463,5.1987,1.8666,116.8081,0.7572,95.6373,83.1498,15.0312,102.5836,0.9759,,0.9759,,-6.8889,,-5.8671,,-5.825,
67,55897,000970.XSHE,2024-12-31,2025-03-13,2024-12-31,0.0099,-17265329.59,131310297.24,-11355039.02,0.1843,-0.265,0.2128,0.34,10.6915,98.0549,0.5531,0.34,2.0016,4.1778,-0.0184,350.1676,-30.2807,-143.7845,107.2858,19.643,1009.8785,-19.2307,,-19.2307,,-92.007,,-93.6541,,-95.6385,
68,55898,002692.XSHE,2024-12-31,2025-03-13,2024-12-31,0.0978,54278225.34,87376247.1,824583.65,6.1242,4.7343,2.3894,1.5788,10.2918,98.0353,1.6875,1.5788,4.2935,1.1625,0.828,109.915,1.0373,77.3046,100.8423,-1.3398,-68.1971,38.9158,,38.9158,,29.7527,,37.3375,,37.3374,
69,55899,300505.XSHE,2024-12-31,2025-03-13,2024-12-31,0.6405,167262876.25,222932869.39,-374818.94,7.1283,6.7723,5.1764,5.78,13.3283,93.0496,6.707999999999999,5.78,0.8035,3.4972,0.21100000000000002,102.8314,-0.1729,95.0055,97.1771,4.4525,64.0605,18.2986,,18.2986,,257.75,,288.2774,,292.4962,
70,55900,300268.XSHE,2024-12-31,2025-03-13,2024-12-31,-5.3067,-924840853.9,-1272827339.09,74272621.16,1158.1323,1158.6572,-11.2792,-31.4524,-10.4805,137.2436,-40.4225,-31.4524,3.7858,7.3886,15.1336,92.9536,-5.4241,100.0453,109.0519,-4.2222,11.3367,-24.1424,,-24.1424,,13.828,,21.3672,,19.7241,
71,55901,688200.XSHG,2024-12-31,2025-03-14,2024-12-31,2.4654,340047435.55,344516306.1,-12321039.58,9.6748,9.8525,9.1799,36.8826,73.3095,61.9464,39.8422,36.8826,14.1878,6.3998,-5.6527,95.3745,-3.4109,101.8366,93.7978,20.7763,54.5975,31.0458,,31.0458,,35.9664,,32.689,,32.689,
72,55902,002978.XSHE,2024-12-31,2025-03-14,2024-12-31,2.1238,851948284.23,976334998.19,16057101.31,12.04,12.0445,10.2394,45.8418,64.2291,47.4249,54.2611,45.8418,0.1728,5.8049,-0.9363,97.1386,1.5976,100.0374,112.7305,63.7484,121.25200000000001,0.0555,,0.0555,,-8.7254,,-9.0756,,-9.0533,
73,55903,000026.XSHE,2024-12-31,2025-03-14,2024-12-31,0.5431,208728288.68,292875256.52,-431254.89,6.5525,6.2069,5.3666,5.5919,37.1608,92.5676,7.1889,5.5919,22.4025,4.6511,0.4549,102.3625,-0.1507,94.7257,110.0704,13.6208,183.2627,-13.7681,,-13.7681,,-34.5912,,-33.8641,,-33.8641,
74,55904,600719.XSHG,2024-12-31,2025-03-14,2024-12-31,-0.3607,-148120338.35,-131989193.26,0.0,-30.6907,-31.1493,-5.2772,-23.219,-2.2076,120.9995,-22.8207,-23.219,0.3578,4.3784,12.9731,90.3364,0.0,101.4944,104.8127,-7.5986,36.1845,-0.6394,,-0.6394,,-216.9952,,-238.24400000000003,,-238.24400000000003,
75,55905,000062.XSHE,2024-12-31,2025-03-14,2024-12-31,0.2036,160817031.46,597036143.91,66034198.24,3.0142,2.2761,1.5449,1.2419,8.427999999999999,97.2805,1.6939,1.2419,2.0975,1.5601,1.2854,159.3815,17.6281,75.513,105.0129,6.5693,241.5603,6.604,,6.604,,-45.657,,-50.7314,,-54.4314,
76,55906,603063.XSHG,2024-12-31,2025-03-14,2024-12-31,0.9925,396659137.21,503134062.44,32280903.64,10.6938,9.6277,6.0464,12.3073,37.8616,86.523,14.1446,12.3073,9.0529,4.2332,1.0548,96.5362,6.1937,90.0313,94.6285,7.2933,54.1168,-0.4993,,-0.4993,,-7.6842,,-9.0865,,-12.2786,
77,55907,603929.XSHG,2024-12-31,2025-03-14,2024-12-31,2.9804,636020244.25,646809583.51,734980.17,39.0858,39.0927,16.7311,11.7882,13.5538,87.979,13.9577,11.7882,0.0623,1.6258,-1.1653,86.2913,0.0981,100.0177,127.8128,29.768,247.6327,68.08800000000001,,68.08800000000001,,118.0414,,116.5525,,121.6601,
78,55908,000815.XSHE,2024-12-31,2025-03-14,2024-12-31,-0.7889,-64214684.81,-207009061.77,0.0,-34.4522,-4.0336,-20.6522,-60.0102,11.4991,122.7043,-50.4365,-60.0102,0.8777,27.7962,1.3537,38.5196,0.0,11.7077,76.9462,-10.9467,48.2141,-15.7067,,-15.7067,,-14162.1526,,-3251.3317,,-2987.1003,
79,55909,000553.XSHE,2024-12-31,2025-03-14,2024-12-31,-1.2461,-3024721000.0,-1133576000.0,-35549000.0,-14.1912,-14.7852,-5.5055,-9.8454,22.8537,103.8442,-7.3999,-9.8454,14.9239,4.0201,6.0019,53.3623,1.6734,104.1856,92.4845,12.7531,-331.7493,-10.0411,,-10.0411,,-49.3543,,-80.7851,,-80.7851,
80,55910,002379.XSHE,2024-12-31,2025-03-14,2024-12-31,-0.0607,-86259124.77,-57728418.05,14485659.57,-3.4588,-4.3252,-2.2583,-1.9787,1.7228,101.6559,-1.8906,-1.9787,0.3412,1.2068,-0.2245,88.7587,-22.272,125.0462,108.7798,-0.52,31.403000000000002,29.7307,,29.7307,,53.2809,,52.4992,,52.4992,
81,55911,600332.XSHG,2024-12-31,2025-03-14,2024-12-31,1.7441,2356431000.0,3394115579.84,318678506.16,8.0072,6.6543,3.7446,4.0014,16.695,95.4741,4.7957,4.0014,7.4935,3.2105,0.051,94.0829,8.8336,83.1047,101.1105,4.5903,101.4234,-0.6920000000000001,,-0.6920000000000001,,-29.7702,,-29.5492,,-30.0858,
82,55918,601608.XSHG,2024-12-31,2025-03-15,2024-12-31,0.0818,398024151.68,403639936.33,37331117.2,4.3909,4.6661,1.8683,4.4218,22.6849,94.9759,5.1328,4.4218,3.515,6.7927,0.389,127.4951,11.7915,106.2674,105.8627,10.1536,202.0972,-15.9311,,-15.9311,,6.2062,,-9.7854,,-2.3582,
83,55919,001301.XSHE,2024-12-31,2025-03-15,2024-12-31,3.2125,808554289.12,988682785.26,7445837.87,14.0547,13.5556,10.0504,16.0315,25.7233,81.0932,19.7229,16.0315,0.1822,1.5516,1.0362,95.8865,0.7221,96.4485,61.4385,-5.4387,-28.766,19.0966,,19.0966,,18.1274,,15.9664,,15.9664,
84,55920,000001.XSHE,2024-12-31,2025-03-15,2024-12-31,2.2935,44838000000.0,55206000000.0,28588000000.0,9.2038,9.272,0.7838,30.3405,,62.3668,37.6332,30.3405,,27.6642,,48.628,52.227,100.7414,,43.1753,114.7267,-10.9315,,-10.9315,,-4.6989,,-4.1912,,-4.1912,
85,55921,600523.XSHG,2024-12-31,2025-03-15,2024-12-31,0.4394,155250812.97,159349063.58,53150350.38,5.9184,5.172000000000001,4.5698,7.6911,23.141,93.3055,8.4239,7.6911,1.238,8.3354,-0.45799999999999996,80.9948,27.0155,87.3892,62.0039,0.3449,5.1521,1.9526,,1.9526,,1.9651,,8.4001,,8.2273,
86,55922,601929.XSHG,2024-12-31,2025-03-15,2024-12-31,-0.1332,-518492594.18,-514536926.61,-3823795.46,-7.7779,-8.677,-3.4289,-23.9528,17.9949,125.9635,-24.851,-23.9528,10.7554,16.4773,8.97,108.22399999999999,0.8043,111.5592,99.7334,15.8963,-61.2253,7.9899,,7.9899,,23.1085,,26.552,,27.7065,
87,55923,600973.XSHG,2024-12-31,2025-03-15,2024-12-31,-0.2187,-483609944.18,-87014347.92,139454617.61,-8.3726,-13.5032,-1.4913,-0.6954,4.4394,100.1877,-0.7733,-0.6954,0.8401,1.1089,0.9105,24.2223,-38.8202,161.2773,107.98899999999999,-1.8611,991.5863,5.8489,,5.8489,,-1011.8368,,-807.2763,,-1066.5346,
88,55924,301069.XSHE,2024-12-31,2025-03-15,2024-12-31,0.1331,29515889.67,46311828.15,13689346.76,3.3917,1.7881,2.2858,6.0003,22.9763,95.0091,6.2709,6.0003,1.37,7.1759,2.577,76.5402,22.6246,52.7189,63.1134,5.5746,111.6959,-5.9748,,-5.9748,,-66.9927,,-64.6904,,-64.5625,
89,55925,600325.XSHG,2024-12-31,2025-03-15,2024-12-31,0.3457,660833566.36,2586078122.11,1321440041.23,4.5386,3.1528,0.3221,2.3412,14.3154,95.6893,3.3009,2.3412,3.0221,2.2632,0.8528,131.8134,67.3543,69.4661,83.3073,26.5028,614.8178,-16.8446,,-16.8446,,-65.8974,,-59.4637,,-48.238,
90,55926,002092.XSHE,2024-12-31,2025-03-15,2024-12-31,-0.377,-1060267187.3,-594812180.04,-295803862.8,-4.3905,-4.7669999999999995,-1.716,-4.2597,16.4277,101.9746,-3.4844,-4.2597,6.6042,4.8175,3.4068,52.855,26.2851,108.5766,128.9485,19.5319,-989.1621,-18.8445,,-18.8445,,66.7008,,59.7189,,65.9161,
91,55927,300489.XSHE,2024-12-31,2025-03-15,2024-12-31,0.08900000000000001,-37155605.78,-4565285.54,-280931.98,3.6007,-10.915,0.8605,2.1908,27.5708,100.3139,2.9836,2.1908,3.0199,7.5927,7.7558,-10.5869,-0.6515,-303.1355,109.3896,-10.9179,3478.6597,43.8214,,43.8214,,114.5047,,113.2212,,105.0852,
92,55928,688658.XSHG,2024-12-31,2025-03-15,2024-12-31,0.2749,110758662.86,217478202.99,2787285.84,3.4531,3.0915,2.0816,3.2068,57.8012,94.2479,4.207,3.2068,34.433,6.3443,0.1315,142.7419,1.8294,89.5258,112.6491,11.591,201.5101,-9.8998,,-9.8998,,-31.3653,,-35.333,,-33.052,
93,55929,002419.XSHE,2024-12-31,2025-03-15,2024-12-31,0.0656,13930196.03,16992337.22,25246859.59,1.8471,0.3354,0.2722,0.6559,36.8886,99.8558,0.8239,0.6559,31.2056,3.5057,0.4454,16.8172,24.9867,18.1578,141.1813,16.7407,11611.5066,-2.4855,,-2.4855,,-75.3634,,-65.9168,,-66.1557,
94,55930,300750.XSHE,2024-12-31,2025-03-15,2024-12-31,11.5238,44992919000.0,58708654000.0,4652046000.0,22.8252,20.238,7.1826,14.9185,24.4449,83.7827,17.6933,14.9185,0.9842,2.6767,-1.1414,92.9198,7.3629,88.6653,115.3345,26.791999999999998,165.2062,-9.7039,,-9.7039,,19.2365,,15.4953,,15.0119,
95,55931,600507.XSHG,2024-12-31,2025-03-15,2024-12-31,0.1071,176306885.77,351021990.69,-85955343.79,2.6773,1.9045,1.2919999999999998,1.1693,4.7957,98.3718,1.87,1.1693,0.1391,2.1826,-0.1723,74.8347,-18.3249,71.1352,78.3786,4.0632,249.55900000000003,-18.6657,,-18.6657,,-59.1567,,-63.0861,,-64.0188,
96,55932,600353.XSHG,2024-12-31,2025-03-15,2024-12-31,0.1233,86073898.67,123268744.42,-15076558.34,5.7543,4.8333,2.9324,5.7623,22.8222,92.23,6.9386,5.7623,3.0694,6.1105,0.6538,112.3165,-13.737,83.994,49.99100000000001,4.3524,56.0158,20.4793,,20.4793,,-16.5339,,-18.7419,,10.5304,
97,55933,688045.XSHG,2024-12-31,2025-03-15,2024-12-31,-0.2487,-46282314.78,-69694047.06,21228141.09,-1.2808,-3.4523,-2.5121,-5.2947,25.9018,110.1257,-5.2838,-5.2947,3.3944,6.9586,-0.1539,191.1341,-58.2176,269.5389,76.1064,0.4962,-4.9009,18.9845,,18.9845,,2.4337,,-0.6073,,9.9711,
98,55934,600425.XSHG,2024-12-31,2025-03-15,2024-12-31,0.2204,328928568.42,462919366.2,37289389.46,5.6052,5.2131,3.7439999999999998,8.3181,23.5355,89.3045,11.4812,8.3181,0.6316,7.709,0.7622,101.5238,8.177999999999999,93.0049,78.0246,7.9252,74.0983,-3.6002,,-3.6002,,-27.5011,,-26.8503,,-23.677,
99,55935,300059.XSHE,2024-12-31,2025-03-15,2024-12-31,0.6088,9253228906.81,7350937570.29,3360095335.31,12.5878,12.1203,3.5205,308.9345,95.7215,36.6536,95.374,82.8149,2.7736,20.0748,-1.2992,66.6056,30.4453,96.2863,28.92,384.2344,606.5604,4.7187,,-19.986,,18.4268,,17.29,,17.29,
100,55936,600862.XSHG,2024-12-31,2025-03-15,2024-12-31,0.8275,1136642460.09,1340885028.59,-7008083.27,17.3088,17.0679,12.966,23.0568,38.8304,73.564,26.7511,23.0568,0.5484,7.3288,-0.34700000000000003,98.7903,-0.5163,98.6084,59.0393,9.7809,36.9986,6.1226,,6.1226,,11.9494,,12.7069,,11.7522,
101,55937,000068.XSHE,2024-12-31,2025-03-15,2024-12-31,0.013000000000000001,-101299216.42,-72034423.53,10196.48,1.8574,-14.349,0.2232,0.9185,4.5704,107.1336,-10.093,0.9185,0.5103,7.8114,1.4558,-700.8997,0.0992,-772.523,74.3376,19.7532,-276.9021,9.6195,,9.6195,,-114.345,,-98.5413,,-97.9946,
102,55938,605218.XSHG,2024-12-31,2025-03-15,2024-12-31,0.263,46531267.54,45467875.72,1597533.82,4.3499,3.6154,2.7099,2.7614,12.6484,97.7573,2.2473,2.7614,1.2372,3.8278,-0.9657,100.2439,3.5221,83.1152,94.3959,9.2377,411.894,29.314,,29.314,,-63.4441,,-52.5578,,-52.5578,
103,55939,000859.XSHE,2024-12-31,2025-03-15,2024-12-31,-0.0778,-78918362.65,-119374105.69,9355298.36,-2.467,-2.7923,-1.6584,-3.0127,4.5748,105.1581,-3.2069,-3.0127,1.6595,3.5937,-0.0065,164.5809,-12.8981,113.1892,89.0654,4.8592,-94.2047,3.5454,,3.5454,,-97.023,,-143.4941,,-143.4941,
104,55940,600165.XSHG,2024-12-31,2025-03-15,2024-12-31,-0.7869,-404673493.46,-294841168.95,-83260465.58,-630.4839,-473.4401,-22.5204,-167.1017,-19.5386,185.3826,-162.2164,-167.1017,1.7253,16.0452,41.8443,50.9159,14.3782,75.0915,71.0148,-24.6707,28.8943,20.872,,20.872,,-13.5398,,-11.9883,,-15.9665,
105,55941,002190.XSHE,2024-12-31,2025-03-15,2024-12-31,-0.2093,-68707197.51,41737916.07,938238.55,-2.5472,-2.3307,-0.2081,-0.4508,9.7256,98.2367,1.0234,-0.4508,0.2212,2.1013,0.7197,367.4357,8.2597,91.5003,45.5625,5.013999999999999,284.3513,13.7645,,13.7645,,-67.1335,,-115.8557,,-655.0544,
106,55942,002920.XSHE,2024-12-31,2025-03-15,2024-12-31,3.6127,1945561360.88,2217440957.96,-37817713.34,22.7884,22.1142,10.2188,7.3071,19.8768,91.971,7.5996,7.3071,0.8604,1.933,0.5702,105.6094,-1.8011,97.0415,98.4247,5.4077,67.3529,26.0638,,26.0638,,36.5807,,30.9098,,29.6197,
107,55943,000050.XSHE,2024-12-31,2025-03-15,2024-12-31,-0.272,-2224114000.05,-1101977769.47,-240034125.43,-2.4219,-8.0568,-0.8472,-2.0642,13.2805,103.29,-1.3406,-2.0642,1.1685,2.5662,2.5078,243.2347,52.9817,332.6628,106.258,17.1726,-521.9576,3.7897,,3.7897,,76.6881,,67.2311,,68.1263,
108,55944,301358.XSHE,2024-12-31,2025-03-15,2024-12-31,0.7838,570299929.65,783238668.91,-20326261.99,5.1864,4.9833,2.0651,2.6106,7.8479,96.5341,3.1667,2.6106,0.2043,1.8172,0.6795,110.9672,-2.8798,96.0825,48.8388,-4.6119,-133.0648,-45.3583,,-45.3583,,-61.8521,,-62.6731,,-62.4484,
109,55945,600211.XSHG,2024-12-31,2025-03-15,2024-12-31,3.2616,858700122.54,941022506.85,-3881641.11,28.9515,23.6478,22.6483,37.6624,94.2176,66.4724,41.3455,37.6624,55.6667,4.3516,-1.681,81.68,-0.3369,81.6807,116.1459,35.4433,105.7138,-10.4525,,-10.4525,,29.069000000000003,,30.4637,,31.2611,
110,55958,001914.XSHE,2024-12-31,2025-03-17,2024-12-31,0.7927,798836393.11,1118675717.43,5379822.01,8.3307,7.9178,4.6162,5.0632,11.9552,93.4856,6.6135,5.0632,0.6713,3.5034,0.1735,98.2391,0.4724,95.0431,103.6067,10.694,164.1587,9.8909,,9.8909,,24.084,,17.7104,,14.2401,
111,55960,688586.XSHG,2024-12-31,2025-03-17,2024-12-31,0.1585,104027703.57,110579500.97,8719847.64,5.0436,4.1841,3.4812,11.4738,34.8372,89.8819,12.2371,11.4738,1.0972,12.0539,-0.9381,81.0684,6.3927,82.9592,60.3087,-10.3137,-101.9336,-9.982999999999999,,-9.982999999999999,,-39.1667,,-35.0214,,-35.0214,
112,55967,688655.XSHG,2024-12-31,2025-03-18,2024-12-31,-0.0148,-7101880.61,-26267.15,308083.7,-0.2876,-1.0348,-0.1812,-0.4159,18.326,100.0055,1.294,-0.4159,4.4756,6.5043,-0.0736,-0.4791,5.6191,359.7779,89.4739,19.0072,-343415.2996,2.2552,,2.2552,,-42.54,,-114.6549,,-114.6549,
113,55968,002879.XSHE,2024-12-31,2025-03-18,2024-12-31,0.3867,69182404.65,74348580.94,-448487.65,4.2822,3.9668,3.3689,6.6297,36.4339,94.0141,7.2402,6.6297,12.6259,9.3817,-0.2657,82.7733,-0.4993,92.63600000000001,98.7083,10.2253,170.8245,19.1812,,19.1812,,18.4768,,14.1579,,3.5343,
114,55969,000563.XSHE,2024-12-31,2025-03-18,2024-12-31,0.2661,1245365225.57,1835707664.7,867456285.49,7.7827,7.1212,5.5008,46.4898,,37.2973,62.7027,46.4898,,28.2981,,53.0338,47.513000000000005,91.5001,,63.1833,100.7665,4.0828,,4.0828,,27.0127,,25.7342,,25.7342,
115,55970,603860.XSHG,2024-12-31,2025-03-18,2024-12-31,0.6692,42049144.48,56899192.2,0.0,5.6626,5.3363,4.7834,17.0858,51.9627,78.1125,19.3542,17.0858,1.9712,19.7988,-0.6409999999999999,112.1923,0.0,94.2386,102.0215,19.6084,89.5875,-0.2224,,-0.2224,,-13.6328,,-14.3668,,-13.4835,
116,55971,002033.XSHE,2024-12-31,2025-03-18,2024-12-31,0.3838,218250712.41,286949839.23,16133669.38,8.3792,8.6725,7.962000000000001,29.2518,57.3682,64.5062,37.0966,29.2518,3.5787,15.9793,-0.1406,99.3148,5.5839,103.4997,117.3289,40.7107,114.6981,1.1949,,1.1949,,-5.8495,,-6.0956,,-7.273,
117,55972,002171.XSHE,2024-12-31,2025-03-18,2024-12-31,0.1524,203054074.34,-382262280.65,-69212105.54,3.2777,2.8955,1.6065,0.5348,2.9953,100.7112,0.5542,0.5348,0.2234,0.6435,0.36200000000000004,-130.4903,-23.6265,88.34,110.2038,-1.2225,171.8956,16.0643,,16.0643,,-53.2461,,-51.6454,,-56.5671,
118,55973,301127.XSHE,2024-12-31,2025-03-18,2024-12-31,0.515,325494337.56,402234068.57,5537935.32,11.4004,11.1354,5.1723,16.873,33.4984,79.7396,19.7483,16.873,1.4601,3.977,3.1695,102.9304,1.4171,97.6748,25.309,-14.3184,-70.6717,1.9618,,1.9618,,17.0908,,18.0256,,17.8679,
119,55974,601002.XSHG,2024-12-31,2025-03-18,2024-12-31,0.1364,130924398.44,207151659.36,4787789.87,3.1260000000000003,3.1448,2.5247,5.5406,20.3597,91.2584,8.5215,5.5406,2.8126,3.7408,-0.5226,104.4783,2.4148,100.6018,96.7207,26.421,302.2435,2.3995,,2.3995,,604.6661,,761.0938,,774.8122,
120,55975,600470.XSHG,2024-12-31,2025-03-18,2024-12-31,0.0483,12209831.47,18845103.4,19184964.55,1.3824,0.6704,1.0388,1.0753,9.3552,99.6985,0.9185,1.0753,1.8309,2.755,0.6679,28.7411,29.2594,48.498999999999995,80.9747,6.2166,2062.0785,-9.8341,,-9.8341,,-5.2139,,28.5566,,10.6537,
121,55976,000975.XSHE,2024-12-31,2025-03-18,2024-12-31,0.7826,2212316775.56,3226691524.25,-47171364.49,17.7096,18.0291,14.0925,17.8876,29.9206,76.2489,23.412,17.8876,0.0384,2.9778,0.1808,101.6729,-1.4864,101.8039,117.5422,28.4956,119.9761,67.6032,,67.6032,,51.6682,,54.9547,,52.5744,
122,55977,600873.XSHG,2024-12-31,2025-03-18,2024-12-31,0.9606,2696673816.43,3206688637.0,45019178.62,19.0718,18.7673,11.6697,10.9314,20.0747,87.2087,13.9265,10.9314,1.5432,3.7414,-0.4678,95.7375,1.3441,98.4034,108.7662,18.4557,144.2833,-9.6948,,-9.6948,,-8.4468,,-13.8488,,-13.8488,
123,55978,688656.XSHG,2024-12-31,2025-03-18,2024-12-31,0.5836,35875600.0,41547391.06,190647.5,4.5356,4.4213,3.7137,9.1475,63.922,89.6735,10.2857,9.1475,23.4346,16.308,0.7131,101.2529,0.4646,97.478,107.9584,25.1578,243.6248,2.0115,,2.0115,,-25.8937,,-22.2423,,-22.2423,
124,55979,002865.XSHE,2024-12-31,2025-03-18,2024-12-31,-2.5796,-1117788931.31,-715171513.49,5206391.2,-13.7528,-26.0065,-3.3929,-5.9397,0.7269,107.1863,-7.3329,-5.9397,0.6308,3.0421,1.7665,97.7786,-0.7118,189.0989,18.8031,6.5753,-91.4982,-46.6583,,-46.6583,,-197.80700000000002,,-172.4721,,-172.4721,
125,55980,002611.XSHE,2024-12-31,2025-03-18,2024-12-31,0.4106,526741293.29,788123926.79,-52988930.21,10.5506,11.1021,7.1696,11.3046,30.0838,83.5047,15.2476,11.3046,4.027,7.5356,-0.5126,107.3823,-7.2198,105.2265,97.1,14.7044,89.1428,0.6768,,0.6768,,8.9087,,14.8361,,15.5429,
126,55981,002595.XSHE,2024-12-31,2025-03-18,2024-12-31,2.5143,1886618876.58,2175710099.29,51342713.11,21.7544,20.4046,18.6527,22.8486,34.2988,75.3135,26.0253,22.8486,0.9177,2.6404,-0.1119,94.8901,2.2392,93.7952,81.7108,12.9273,52.36600000000001,22.991999999999997,,22.991999999999997,,24.3963,,24.9493,,24.7713,
127,55982,600237.XSHG,2024-12-31,2025-03-18,2024-12-31,0.1518,85790726.34,125236737.36,5407260.38,5.4226,4.8593,4.1334,7.7338,25.3968,90.277,10.0062,7.7338,2.7774,8.5918,-0.4212,99.5039,4.2962,89.6124,89.3847,14.9088,153.3351,18.9104,,18.9104,,40.8483,,18.1661,,10.3631,
128,55983,001979.XSHE,2024-12-31,2025-03-18,2024-12-31,0.4457,2449251766.33,11016393356.95,3856152490.41,3.5007,2.123,0.4736,2.3409,14.6053,93.8438,5.0296,2.3409,2.2433,1.1755,1.0856,121.1972,42.4236,60.6465,90.0913,17.862000000000002,290.1457,2.2513,,2.2513,,-36.5391,,-53.9996,,-36.0927,
129,55984,603223.XSHG,2024-12-31,2025-03-18,2024-12-31,0.2171,152932163.39,189421422.75,-6800535.98,4.1033,4.0467,2.906,7.6823,13.9763,90.5395,8.9542,7.6823,0.3018,4.1324,-0.3264,105.5515,-3.7895,98.6225,143.6035,13.0802,138.2606,-46.6909,,-46.6909,,28.1417,,30.8572,,31.9834,
130,55985,603186.XSHG,2024-12-31,2025-03-18,2024-12-31,-0.6861,-118608754.86,-105291663.46,-5432881.74,-6.4819,-7.8908,-1.6348,-2.5179,10.1577,102.7244,-2.6984,-2.5179,2.4483,2.9086,1.8261,101.1513,5.2192,121.73700000000001,87.07700000000001,4.3698,-160.3929,14.9703,,14.9703,,33.9733,,19.1706,,19.1576,
131,55986,600794.XSHG,2024-12-31,2025-03-18,2024-12-31,0.1731,180599104.89,255582531.74,47808324.37,8.1517,7.018,6.2223,25.7559,45.7985,71.5982,32.1821,25.7559,1.5154,11.7364,0.6404,88.4974,16.554000000000002,86.09200000000001,116.639,92.1519,324.45799999999997,-39.9572,,-39.9572,,-13.669,,-14.7347,,-16.8334,
132,55987,002282.XSHE,2024-12-31,2025-03-18,2024-12-31,0.364,177569721.16,248586705.39,11523673.35,5.48,5.0748,4.8524,11.404000000000002,27.1946,85.2154,13.2756,11.404000000000002,3.2087,5.13,-0.4416,111.8392,5.1845,92.6068,76.3288,9.9516,67.3108,4.6498,,4.6498,,66.5393,,46.1332,,48.9,
133,55988,605058.XSHG,2024-12-31,2025-03-18,2024-12-31,0.99,123484029.39,147412929.26,19389614.95,8.4746,7.3957,5.781000000000001,10.9434,21.993000000000002,88.5992,12.0285,10.9434,1.536,5.2738,-1.9033,94.7144,12.458,87.2687,86.3717,21.1368,185.3973,19.4518,,19.4518,,9.6034,,6.4503,,6.4503,
134,55990,603259.XSHG,2024-12-31,2025-03-18,2024-12-31,3.2723,9988102785.24,11899163153.0,791119956.58,16.6152,17.5607,12.425999999999998,24.3817,41.4789,69.67699999999999,29.5101,24.3817,1.8995,7.3375,-2.0047,103.11399999999999,6.8556,105.6908,104.5405,31.6159,104.2638,-2.7252,,-2.7252,,-2.4604,,-1.3662,,-1.6284,
135,55991,600583.XSHG,2024-12-31,2025-03-18,2024-12-31,0.4889,1808686100.0,2063763100.0,308517600.0,8.4659,7.0844,4.7797,7.2987,12.284,93.1103,8.802,7.2987,0.115,1.2038,-0.4876,77.0735,11.5219,83.6814,106.9597,12.8537,186.5645,-2.5937,,-2.5937,,38.5367,,34.1006,,33.3779,
136,55992,300788.XSHE,2024-12-31,2025-03-18,2024-12-31,0.6241,157999286.14,209203981.99,-2569856.28,5.5585,7.4006,3.5358,6.9632,38.9591,87.6026,9.2294,6.9632,18.8064,7.7095,-1.0078,131.0266,-1.6095,133.1397,105.0508,9.6131,77.541,-1.7168,,-1.7168,,107.2939,,-1.7254,,1.9892,
137,55993,000423.XSHE,2024-12-31,2025-03-18,2024-12-31,2.4178,1441714437.09,1736314474.67,65977226.85,14.808,13.7116,11.7997,26.3001,72.4185,70.6743,31.2247,26.3001,33.3252,7.5322,-1.9881,93.5519,3.5548,92.5956,103.9027,36.6642,125.024,25.5663,,25.5663,,35.9082,,35.1889,,35.288000000000004,
138,55994,688373.XSHG,2024-12-31,2025-03-18,2024-12-31,-0.6726,-459172377.19,-451325556.56,17081843.88,-69.2432,-72.1421,-43.6856,-338.3065,82.8013,446.4466,-333.5223,-338.3065,84.8155,50.8897,10.3124,103.8696,-3.9313,104.1866,104.8296,-343.265,99.0816,43.5095,,43.5095,,-5.7398,,-4.6534,,-4.6534,
139,55995,000099.XSHE,2024-12-31,2025-03-18,2024-12-31,0.3909,301257490.3,348727809.75,-2595862.1,5.8182,5.7804,4.3364,13.4015,23.041999999999998,83.88,18.2109,13.4015,0.4274,5.5851,0.5732,88.8027,-0.6609999999999999,99.3495,100.0332,28.3343,175.7709,9.8294,,9.8294,,30.1667,,22.016,,26.8091,
140,55996,002233.XSHE,2024-12-31,2025-03-18,2024-12-31,0.4512,341231854.06,406960585.94,320844004.55,4.5002,2.8547,4.0984,12.9268,22.1437,90.486,17.0567,12.9268,2.2491,9.0273,-0.8953,57.4246,45.2731,63.43600000000001,112.4666,19.866,208.8085,-22.7138,,-22.7138,,-24.7126,,-26.2056,,-27.4572,
141,55997,688582.XSHG,2024-12-31,2025-03-18,2024-12-31,0.5546,211727800.0,201545550.89,19103431.33,10.0253,9.5539,9.751,54.9251,85.0321,50.1745,55.0816,54.9251,2.6853,7.5354,-3.0809,90.7154,8.5984,95.2984,93.1249,41.1692,82.6268,27.5684,,27.5684,,34.641999999999996,,34.3259,,34.3259,
142,55999,603061.XSHG,2024-12-31,2025-03-19,2024-12-31,1.308,67736509.73,89310233.53,5434022.54,5.7811,4.9896,4.9304,19.2987,47.46,78.0384,20.8835,19.2987,8.0226,7.5601,-1.0959999999999999,105.2554,6.4042,86.3089,83.7427,14.5048,66.0463,17.1157,,17.1157,,-8.479,,-7.4446,,-7.4446,
143,56001,600730.XSHG,2024-12-31,2025-03-19,2024-12-31,0.0834,9358344.91,40006668.24,14687519.73,2.7371,0.5237,2.5308,34.7249,77.1663,73.4335,39.0137,34.7249,14.9028,30.5928,-8.3439,68.9956,25.3301,19.1343,101.6609,18.8014,70.7708,22.2545,,22.2545,,1285.4694,,12315.2608,,1928.0267,
144,56002,600660.XSHG,2024-12-31,2025-03-19,2024-12-31,2.8731,7445999659.0,8843211713.0,-70027899.0,22.3418,22.1869,12.5188,19.1178,36.2298,77.4705,23.1202,19.1178,3.0069,7.3584,-1.6680000000000001,98.3582,-0.7789,99.3068,96.2271,21.8136,96.8221,18.3669,,18.3669,,33.6279,,33.3078,,33.1966,
145,56003,603199.XSHG,2024-12-31,2025-03-19,2024-12-31,1.6806,176199211.24,231489818.17,11970946.95,12.6844,12.0155,10.1408,24.3327,50.2127,69.7176,32.3163,24.3327,5.2264,12.7678,-0.1156,93.669,4.8439,94.7265,107.8315,34.3217,113.3388,5.6382,,5.6382,,5.5539,,6.4984,,6.4984,
146,56004,600871.XSHG,2024-12-31,2025-03-19,2024-12-31,0.0333,133487000.0,541136000.0,17000.0,7.5768,1.6013,0.8283,0.7788,7.8103,99.3327,1.2781,0.7788,0.1042,2.9664,0.8996,47.7815,0.0015,21.1345,97.3456,3.8237,573.0267,1.3944,,1.3944,,15.172,,7.1943,,7.1943,
147,56005,300159.XSHE,2024-12-31,2025-03-19,2024-12-31,-0.2121,-322717933.94,-248341420.41,650095.41,268.637,272.1365,-12.437999999999999,-51.1561,17.6055,137.3492,-45.6644,-51.1561,4.0116,21.8472,20.4733,77.5369,-0.203,101.3027,122.8403,28.3011,-75.7744,-44.157,,-44.157,,-184.8887,,-127.98899999999999,,-139.1549,
148,56006,300388.XSHE,2024-12-31,2025-03-19,2024-12-31,0.5384,366325673.09,589817077.99,-27217713.21,8.4555,8.4476,2.4212,10.1631,29.0109,84.6296,12.0378,10.1631,1.5586,4.6227,5.979,125.2774,-5.7811,99.9067,85.3443,19.4039,126.2413,-7.0419,,-7.0419,,-0.9987,,-8.2265,,-6.5448,
149,56007,300294.XSHE,2024-12-31,2025-03-19,2024-12-31,0.7873,301566307.78,455636616.37,78644157.63,5.3623,4.0733,4.8864,22.8559,64.6543,73.7371,27.509,22.8559,24.185,10.7594,-1.4741,95.3786,16.4626,75.9629,92.359,17.2794,65.7939,-34.5808,,-34.5808,,34.3528,,59.7949,,67.1786,
150,56008,002852.XSHE,2024-12-31,2025-03-19,2024-12-31,0.5143,122230989.62,199925483.27,46079435.26,8.6,5.9418,4.0622,3.0138,9.5654,96.6357,3.9142,3.0138,2.5851,1.4959,1.7138,85.5328,19.7139,69.0906,116.2728,53.2221,1581.9604,-15.117,,-15.117,,205.2528,,113.0426,,133.4958,
151,56009,600589.XSHG,2024-12-31,2025-03-19,2024-12-31,-0.015,-85178456.63,-82062019.88,63471593.79,-3.4291,-13.1974,-1.1924,-5.3497,12.2301,120.2439,1.0944,-5.3497,1.7499,19.0324,5.46,345.4589,-267.1983,384.8659,105.94,6.0675,-29.9719,10.5061,,10.5061,,-95.6563,,-126.2145,,-126.8028,
152,56010,605028.XSHG,2024-12-31,2025-03-19,2024-12-31,1.0733,154756224.83,162178901.53,23625719.34,12.8401,11.5713,11.130999999999998,47.8099,62.7081,54.8478,55.1509,47.8099,0.1873,13.7335,-1.0262,81.9145,11.933,90.1186,109.8159,64.0648,141.8865,-0.6385,,-0.6385,,-6.8624,,-8.7402,,-8.7402,
153,56011,600050.XSHG,2024-12-31,2025-03-19,2024-12-31,0.284,6698958565.0,20600107655.0,4715272547.0,5.5725,4.1339999999999995,3.0847,5.2878,23.4204,94.7124,5.8265,5.2878,9.4907,6.0074,-0.0712,82.0999,18.7923,74.1864,101.11,23.4234,442.9832,4.5605,,4.5605,,-0.6281,,10.089,,10.4888,
154,56012,688584.XSHG,2024-12-31,2025-03-19,2024-12-31,0.1815,107515700.0,135603449.58,212160.07,3.4858,3.1029,2.93,10.8938,29.0428,87.7695,12.302,10.8938,0.8285,7.2885,-1.1566,99.8631,0.1562,89.0153,98.774,40.4273,330.5462,-17.7601,,-17.7601,,-46.3199,,-51.0723,,-51.0723,
155,56014,601886.XSHG,2024-12-31,2025-03-20,2024-12-31,0.5628,418898938.32,1233670783.39,117948781.49,8.8398,5.8068,2.6531,3.4439,16.0445,94.4939,4.104,3.4439,1.3582,5.4937,0.4684,135.0461,12.9115,65.6894,106.0132,7.2573,131.8054,6.9266,,6.9266,,1.5105,,3.8763,,-5.0681,
156,56015,688111.XSHG,2024-12-31,2025-03-20,2024-12-31,3.5567,1556338879.94,1237166515.49,351545768.24,15.4436,14.6105,11.077,32.3245,85.1438,75.8405,33.9993,32.3245,19.3588,7.8632,-0.3088,70.6782,20.0835,94.6056,116.1455,42.8753,177.4679,12.3985,,12.3985,,24.3091,,25.9287,,24.8413,
157,56016,300896.XSHE,2024-12-31,2025-03-20,2024-12-31,6.4694,1871694735.68,2171439781.74,99013033.69,27.679000000000002,26.4644,25.7534,64.658,94.6387,28.2327,75.703,64.658,9.1471,4.0594,-1.0337,95.1953,4.3407,95.6119,108.0489,63.6942,88.751,5.4479999999999995,,5.4479999999999995,,6.1305,,5.4676,,5.3335,
158,56017,002714.XSHE,2024-12-31,2025-03-20,2024-12-31,3.2733,18746855671.39,16907108029.3,99796320.05,26.5183,27.802,9.8812,13.7191,19.0511,87.7438,14.505999999999998,13.7191,0.7943,2.4152,2.157,89.4723,0.5281,104.8408,101.1777,27.2156,222.0549,24.4326,,24.4326,,636.2009,,554.0701,,519.4249,
159,56018,600063.XSHG,2024-12-31,2025-03-20,2024-12-31,0.1757,323046265.1,268107887.89,28833815.31,4.5003,3.9322,2.4149,4.4355,13.0139,96.6612,5.2119,4.4355,0.4622,3.5965,-0.6569,63.5148,6.8307,87.3765,106.4263,4.6383,138.9187,-2.8155,,-2.8155,,8.407,,6.1618,,8.2001,
160,56019,002255.XSHE,2024-12-31,2025-03-20,2024-12-31,0.45399999999999996,360772357.92,429936975.1,-98993.48,9.8107,9.3822,5.6782,13.6005,25.2918,84.5828,15.8269,13.6005,1.6499,3.6503,-0.3859,99.0956,-0.0228,95.6322,100.5316,24.5172,159.025,-0.2336,,-0.2336,,7.2528,,8.8195,,10.8593,
161,56020,600810.XSHG,2024-12-31,2025-03-20,2024-12-31,0.033,-92395867.64,4053882.69,34450947.88,0.4412,-1.2158,0.4467,0.9609,11.1866,99.971,1.6316,0.9609,0.7271,3.7784,2.2594,1.8298,15.55,-275.5638,80.04899999999999,2.2714,7826.4867,4.0808,,4.0808,,-37.5904,,-50.0631,,-77.5655,
162,56021,600750.XSHG,2024-12-31,2025-03-20,2024-12-31,1.2531,749175142.75,974144107.9,-11455784.36,20.2814,19.2774,13.3315,19.4007,63.5213,78.0373,23.1836,19.4007,33.7038,5.1629,-1.6982,94.9817,-1.117,95.0498,98.1788,17.7266,80.7121,-2.5863,,-2.5863,,12.6519,,9.3392,,9.6743,
163,56022,300456.XSHE,2024-12-31,2025-03-20,2024-12-31,-0.2322,-190715861.54,-227601945.52,13354776.75,-3.3710000000000004,-3.7819,-3.5767,-21.1881,35.1058,118.8926,-21.1068,-21.1881,2.4325,12.3084,0.9968,89.5138,-5.2523,112.1897,109.1556,29.5169,-156.2353,-7.3069,,-7.3069,,-901.8997,,-454.2814,,-264.0661,
164,56023,688433.XSHG,2024-12-31,2025-03-20,2024-12-31,0.1623,54825125.64,54309580.06,-2720070.96,3.4708,2.8313,2.7856,13.6609,47.4507,88.9607,11.950999999999999,13.6609,12.7929,8.4286,-3.42,81.8056,-4.0972,81.5766,88.8413,6.7454,61.1035,-18.8227,,-18.8227,,-57.3195,,-48.76,,-48.76,
165,56024,600282.XSHG,2024-12-31,2025-03-20,2024-12-31,0.3667,2182598181.72,2252805021.12,-57852170.74,8.6008,8.3035,3.0816,3.5469,11.912,96.3553,4.2152,3.5469,0.6964,2.2048,0.9348,87.2735,-2.2412,96.5425,111.3233,5.2106,142.9645,-14.7942,,-14.7942,,-3.1872,,-2.3305,,6.3741,
166,56025,600511.XSHG,2024-12-31,2025-03-20,2024-12-31,2.6509,1996141089.85,2193563044.64,495964447.72,12.1574,12.1331,6.3216,4.2093,7.1055,95.6647,5.2916,4.2093,1.5913,0.9122,-0.1345,82.6633,18.6902,99.8007,107.9653,3.2791,75.6358,1.8138,,1.8138,,-9.066,,-8.7682,,-6.7974,
167,56026,600769.XSHG,2024-12-31,2025-03-20,2024-12-31,0.0342,7124933.01,13600796.95,4021619.58,13.2698,7.3789,4.1384,16.9194,27.8046,82.0404,22.3987,16.9194,,9.3912,-0.3764,75.3482,22.2797,55.6068,101.8989,78.5233,437.2221,13.7137,,13.7137,,0.5822,,5.3765,,5.3765,
168,56027,002536.XSHE,2024-12-31,2025-03-20,2024-12-31,0.5735,349794864.64,314109055.02,-1478234.11,10.0397,10.6541,6.3018,6.9265,21.5439,93.3497,7.2008,6.9265,2.3091,6.584,-0.4414,96.7273,-0.4552,106.1194,92.6713,8.0612,121.2149,15.3444,,15.3444,,37.0199,,35.6729,,25.9193,
169,56028,002080.XSHE,2024-12-31,2025-03-20,2024-12-31,0.5315,383550277.89,582169130.29,77741403.11,4.803999999999999,2.066,1.9258,4.6878,17.0221,97.5727,4.8378,4.6878,1.0253,5.728,1.5719999999999998,47.6819,6.3673,43.0053,92.5709,15.0105,618.3935,-7.3719,,-7.3719,,-61.0616,,-58.5885,,-59.8856,
170,56029,600176.XSHG,2024-12-31,2025-03-20,2024-12-31,0.6107,1788227480.09,2451221219.38,31428859.18,8.3323,6.0945,4.7973,15.9527,25.0261,84.5405,18.955,15.9527,1.2532,2.1674,1.3728,81.6234,1.0466,73.1437,75.7871,12.8175,82.9102,6.5876,,6.5876,,-20.4032,,-19.8869,,-19.6958,
171,56030,603162.XSHG,2024-12-31,2025-03-20,2024-12-31,0.5988,504490535.86,514385327.54,4249359.73,14.1583,13.0099,10.5885,15.0057,18.1582,85.941,15.0754,15.0057,1.7343,1.4887,0.7716,91.5301,0.7561,91.8885,100.7832,27.7482,197.37,114.5472,,114.5472,,193.3858,,196.7004,,196.7004,
172,56031,600688.XSHG,2024-12-31,2025-03-20,2024-12-31,0.0296,338003000.0,499461000.0,174984000.0,1.2694,1.3557,0.7922,0.3701,17.3156,99.4268,0.5351,0.3701,0.2572,1.8175,-0.1968,116.4693,40.8045,106.794,110.2746,8.8835,1549.76,-6.3225,,-6.3225,,127.7997,,122.8891,,122.5127,
173,56032,603588.XSHG,2024-12-31,2025-03-20,2024-12-31,0.3163,323796215.08,454993559.31,195506056.55,5.2526,3.5299,2.0112,3.7417,14.4295,96.86200000000001,4.2771,3.7417,0.6737,3.5237,3.1087,74.8518,32.1631,67.2031,109.0087,5.2382,166.9276,37.042,,37.042,,9.809,,6.7613,,-4.5229,
174,56033,605008.XSHG,2024-12-31,2025-03-20,2024-12-31,0.1459,68749728.43,70414503.77,-2840193.77,4.6554,3.3968,1.9078,2.5881,9.1998,98.0622,2.6635,2.5881,0.3649,1.3639,2.0559,72.8274,-2.9375,72.965,78.182,9.5946,495.1211,156.6275,,156.6275,,-6.1763,,-0.9045,,-0.8279,
175,56034,002455.XSHE,2024-12-31,2025-03-20,2024-12-31,0.1829,81797505.39,69093397.33,3581123.4,5.6553,4.2566,-0.7585,-1.5769,10.14,98.7564,-0.8801,-1.5769,0.6017,1.5547,3.7089999999999996,-144.684,-7.499,75.2669,83.1309,17.2037,1383.4027,35.1008,,35.1008,,92.5498,,84.6331,,123.3149,
176,56035,601799.XSHG,2024-12-31,2025-03-20,2024-12-31,4.9296,1360884159.94,1466328600.51,47201604.88,14.5834,14.0926,8.8799,10.6262,19.2838,88.9358,12.0283,10.6262,0.4209,2.2912,0.0838,92.0814,2.9641,96.6345,94.8726,6.8605,62.0064,29.3165,,29.3165,,32.908,,27.7781,,27.7781,
177,56036,603697.XSHG,2024-12-31,2025-03-20,2024-12-31,0.3679,125547416.95,148077039.55,39010737.81,8.7175,6.9566,7.8091,13.3066,28.9663,87.4758,15.725999999999999,13.3066,10.6449,4.2767,0.0096,79.3936,20.9162,79.8,104.022,19.3272,154.3189,22.3673,,22.3673,,34.4748,,35.4444,,35.4444,
178,56037,601318.XSHG,2024-12-31,2025-03-20,2024-12-31,6.9525,117392000000.0,171649000000.0,150497000000.0,13.8549,12.8465,1.1958,14.2608,,83.3176,16.6824,14.2608,,7.8211,,12.4062,88.2706,92.7216,,37.1722,222.8233,12.5998,,12.5998,,42.0312,,34.2799,,47.7931,
179,56038,002766.XSHE,2024-12-31,2025-03-20,2024-12-31,0.0697,49892212.33,52878360.81,9724214.67,7.9236,6.5813,4.8329,4.2177,21.7468,96.2171,5.2326,4.2177,3.3765,9.0317,-1.1981,82.34700000000001,15.1434,83.0601,113.9027,1.26,33.3083,10.9498,,10.9498,,111.8286,,85.8986,,84.2576,
180,56039,002760.XSHE,2024-12-31,2025-03-20,2024-12-31,-0.5633,-71109716.22,-38786551.97,5374017.04,-7.0887,-8.2867,-4.4192,-10.3437,14.4422,106.5955,-9.9374,-10.3437,5.7385,9.8953,-0.0452,66.5585,-9.2219,116.9001,107.1308,7.6244,-115.6,-14.87,,-14.87,,17.825,,-2.0013,,-2.0013,
181,56040,600062.XSHG,2024-12-31,2025-03-20,2024-12-31,1.5668,1432147436.57,1611474728.89,153496651.28,14.3911,12.662,9.4629,14.7235,57.2688,85.6267,16.3619,14.7235,28.405,8.5713,-0.3197,86.3283,8.222999999999999,87.985,93.4804,16.2788,113.2575,-0.8711,,-0.8711,,-2.4837,,-0.8023,,-2.5542,
182,56041,600727.XSHG,2024-12-31,2025-03-20,2024-12-31,0.4937,268361275.76,444320323.57,-630528.41,8.458,8.6973,4.1549,6.2444,12.0622,92.2678,7.3225,6.2444,0.4183,2.0593,-0.005,104.9233,-0.1489,102.8294,91.60600000000001,3.4049,44.0354,15.0625,,15.0625,,130.6113,,128.3392,,157.2819,
183,56043,000156.XSHE,2024-12-31,2025-03-20,2024-12-31,0.2882,372788591.6,441762557.46,143051529.1,3.5887,2.5053,1.8582,5.7673,30.4084,95.2977,5.4123,5.7673,10.4255,9.5165,-1.3619999999999999,81.6069,26.4259,69.8106,103.4187,20.6495,439.1354,-3.2172,,-3.2172,,-27.230999999999998,,-23.0034,,-22.4967,
184,56044,000708.XSHE,2024-12-31,2025-03-20,2024-12-31,1.0155,4974802510.9,5374076802.63,219290346.32,12.8882,12.509,4.7097,4.9069,12.8463,95.0788,5.442,4.9069,0.6032,1.7968,0.7443,90.7232,3.702,97.0574,84.5945,9.8363,199.87599999999998,-4.2237,,-4.2237,,-9.0075,,-9.149,,-10.4098,
185,56045,000823.XSHE,2024-12-31,2025-03-20,2024-12-31,0.4018,201303353.21,274409757.39,16559400.38,4.5969,4.2887,3.0631,4.4866,17.4815,95.23299999999999,4.6886,4.4866,2.3677,4.6949,0.0953,101.46,6.1227,93.2959,71.2229,8.093,169.7702,5.48,,5.48,,1.6218,,12.9962,,10.0912,
186,56047,300765.XSHE,2024-12-31,2025-03-21,2024-12-31,0.0383,42341882.94,-236996623.01,-887045.98,1.1924,0.9397,-4.4939,-15.308,41.972,111.965,-11.0231,-15.308,7.7872,4.149,-2.1639,107.0925,0.4008,78.8103,85.8015,-62.3528,521.1274,-21.9781,,-21.9781,,-183.4804,,-341.2823,,-87.6331,
187,56048,300050.XSHE,2024-12-31,2025-03-21,2024-12-31,-0.1366,-83796488.44,-38192311.63,14073588.17,-17.2399,-19.4173,-10.4288,-26.3213,24.4318,113.5545,-17.7382,-26.3213,10.0827,18.9648,-0.2753,69.8139,-25.7259,112.6297,91.7295,-24.3704,179.7959,-22.2003,,-22.2003,,69.5576,,65.4513,,65.4073,
188,56049,002387.XSHE,2024-12-31,2025-03-21,2024-12-31,-1.7936,-3101563110.12,-3411532515.58,526312035.55,-36.6085,-45.3207,-7.8156,-38.0392,-7.882000000000001,143.0278,-38.5773,-38.0392,1.9473,7.0388,10.8236,111.4001,-17.1862,123.7983,109.9187,4.6123,-10.7194,33.8005,,33.8005,,39.4059,,33.5558,,32.7629,
189,56050,600941.XSHG,2024-12-31,2025-03-21,2024-12-31,6.4328,122715000000.0,161059000000.0,27827000000.0,10.3916,9.2157,6.8744,13.3101,29.016,84.5249,16.938,13.3101,5.2427,5.4707,-0.2397,90.2853,15.5991,88.6842,103.5965,30.3376,196.0406,3.116,,3.116,,4.8579,,4.9956,,5.0142,
190,56051,002148.XSHE,2024-12-31,2025-03-21,2024-12-31,0.0467,12026460.37,11854303.61,18468991.11,2.1415,0.9836,2.0191,9.8501,38.8397,95.7907,11.1085,9.8501,13.1416,9.6119,-0.2389,38.2242,59.5532,45.9274,104.2576,-2.4528,-58.2716,6.153,,6.153,,8.5919,,11.4506,,14.4457,
191,56052,002393.XSHE,2024-12-31,2025-03-21,2024-12-31,0.7155,102997849.18,124630196.78,103078642.65,3.8152,2.1295,3.2156,13.9176,55.0679,90.6725,16.5887,13.9176,27.473000000000003,10.3105,-3.2627,57.7128,47.7329,55.8168,95.0744,6.6058,70.8202,15.8817,,15.8817,,-47.2016,,-48.6052,,-49.0011,
192,56053,002313.XSHE,2024-12-31,2025-03-21,2024-12-31,-0.3572,-127100594.17,-128042061.81,8849873.4,-100.1927,-95.2226,-3.8396,-4.4931,17.6535,104.3,-2.7951,-4.4931,3.2379,6.3315,3.3327,95.1594,-6.5771,95.0395,112.001,1.403,-32.629,5.2248,,5.2248,,77.4934,,63.3205,,63.3128,
193,56054,600423.XSHG,2024-12-31,2025-03-21,2024-12-31,0.0378,33675251.18,34844652.6,0.0,5.6923,6.3526,5.2476,18.2998,21.3084,78.8685,20.8592,18.2998,0.4984,6.7411,-8.2754,117.8161,0.0,111.5989,75.308,31.2969,148.1052,16.2018,,16.2018,,22.016,,-58.8058,,-58.8058,
194,56055,601666.XSHG,2024-12-31,2025-03-21,2024-12-31,0.9493,2340284890.17,3331546620.49,103756055.97,8.8806,8.8456,3.3035,8.4379,26.0358,88.99799999999999,11.665,8.4379,0.7646,3.3501,4.2368,96.3309,3.0001,99.6053,113.969,18.9003,171.7895,-4.2518,,-4.2518,,-38.421,,-40.1189,,-41.411,
195,56056,301020.XSHE,2024-12-31,2025-03-21,2024-12-31,0.5594,78317155.09,95666077.89,3265068.97,8.9044,8.5149,6.8572,15.5462,29.6355,81.8406,17.5072,15.5462,3.5653,5.2228,-2.6019,103.2917,3.5253,95.6257,101.4915,14.7372,81.1546,2.8365,,2.8365,,12.9729,,13.1825,,13.1825,
196,56057,002014.XSHE,2024-12-31,2025-03-21,2024-12-31,0.7637,440451902.53,491996544.46,21993918.21,18.5367,17.4548,11.4693,13.3674,23.781,86.0445,14.9985,13.3674,1.6541,3.4046,-0.1422,92.8134,4.1491,94.1634,99.066,13.0892,93.7924,4.3408,,4.3408,,14.8616,,13.7656,,14.6326,
197,56058,600582.XSHG,2024-12-31,2025-03-21,2024-12-31,0.6335,2446815785.19,3205847962.17,252771771.99,11.0691,10.3307,6.2376,11.2888,30.5429,89.4982,13.0816,11.2888,3.445,8.4865,-0.4059,80.1064,6.3162,93.3295,77.4282,16.7264,159.2715,2.0015,,2.0015,,4.8005,,8.4221,,11.1659,
198,56059,603866.XSHG,2024-12-31,2025-03-21,2024-12-31,0.3264,497436278.36,671091833.11,15831547.12,10.2173,9.7349,7.3938,8.5768,23.3878,88.9753,11.385,8.5768,7.9171,2.2403,0.5336,95.8193,2.2604,95.279,112.7769,16.3918,148.6828,-9.9343,,-9.9343,,-5.4995,,-9.0517,,-9.0517,
199,56060,300506.XSHE,2024-12-31,2025-03-21,2024-12-31,-0.1883,-152764442.24,-82192155.83,19467793.89,-108.8778,-127.0133,-14.8518,-112.1398,23.0626,170.31400000000002,-112.4929,-112.1398,12.1049,50.5937,26.3664,62.7021,-14.8514,116.6568,166.5338,5.0875,-7.2353,44.0874,,44.0874,,55.7441,,65.185,,65.2154,
200,56061,603160.XSHG,2024-12-31,2025-03-21,2024-12-31,1.3174,558077837.22,583032189.29,19159600.62,7.2011,6.6569,6.0275,13.799000000000001,41.7927,86.6734,15.2636,13.799000000000001,4.3458,4.0533,-2.3813,87.2858,2.8684,92.4431,110.3599,24.5185,183.9818,-0.7509999999999999,,-0.7509999999999999,,730.7303,,265.7662,,265.7563,
201,56062,000915.XSHE,2024-12-31,2025-03-21,2024-12-31,2.2003,490931743.38,1174103109.64,30355450.61,17.497,16.66,19.864,47.1323,83.8322,44.9938,55.2417,47.1323,19.5415,4.0831,-1.255,99.65,2.5764,95.2165,132.352,43.5517,79.176,-14.0761,,-14.0761,,-11.0579,,-10.7402,,-11.9036,
202,56063,300304.XSHE,2024-12-31,2025-03-21,2024-12-31,0.4567,360455418.77,438747807.8,37929870.33,14.0613,12.637,11.225,20.1851,31.7007,79.5459,22.6421,20.1851,1.2911,3.3799,-0.8732,90.6345,7.8354,89.8713,79.8737,17.6366,86.2253,28.3486,,28.3486,,31.2667,,32.0301,,31.5091,
203,56064,600785.XSHG,2024-12-31,2025-03-21,2024-12-31,0.598,103025139.27,116266624.26,11479846.13,6.1219,4.6747,1.2825,1.7951,26.789,98.0991,2.7498,1.7951,17.2181,3.4604,3.0511,78.7183,7.7724,76.3598,99.8234,13.8419,728.1663,0.8391,,0.8391,,16.8573,,0.4295,,-0.8658,
204,56065,688570.XSHG,2024-12-31,2025-03-21,2024-12-31,0.7842,310937489.07,348999306.4,4513079.21,7.9703,7.2981,6.0109,18.2488,44.4241,81.2447,18.8981,18.2488,7.9141,10.8512,-2.0580000000000003,91.7364,1.1863,91.5666,79.0648,19.6962,105.01700000000001,-15.655,,-15.655,,-26.5472,,-20.0068,,-20.0068,
205,56066,603025.XSHG,2024-12-31,2025-03-21,2024-12-31,0.5267,586162278.97,634167533.41,3869086.45,25.7121,25.7961,14.949000000000002,24.674,41.8607,74.923,27.8627,24.674,3.0937,4.6158,0.1368,89.5525,0.5464,100.3266,90.6059,8.9917,35.8563,24.4212,,24.4212,,46.2436,,42.5315,,44.0837,
206,56067,301308.XSHE,2024-12-31,2025-03-21,2024-12-31,1.1988,166542635.13,692721448.65,353818579.25,7.9862,2.6671,3.3047,2.8930000000000002,19.05,96.0334,3.3548,2.8930000000000002,4.4213,3.4643,1.8352,117.4788,60.0042,33.3964,101.5997,-6.8127,-171.7489,72.4786,,72.4786,,155.291,,160.3438,,160.2415,
207,56068,603727.XSHG,2024-12-31,2025-03-21,2024-12-31,0.3569,115389121.0,217046212.23,-16448630.61,3.1255,3.5869,1.9654,3.8082,16.2317,91.7793,4.1852,3.8082,0.7475,2.548,-0.0724,200.3217,-15.1812,114.7631,72.2639,0.4495,5.4683,46.762,,46.762,,204.4507,,233.2143,,233.2135,
208,56071,600702.XSHG,2024-12-31,2025-03-22,2024-12-31,1.0378,400507500.01,577591525.93,-5774169.92,4.9239,5.7033,2.97,6.3545,65.5171,89.2181,10.5962,6.3545,23.824,10.1747,-0.4888,112.4673,-1.1243,115.8291,107.6494,-13.2079,-122.501,-24.4147,,-24.4147,,-75.3375,,-80.7717,,-80.458,
209,56072,603656.XSHG,2024-12-31,2025-03-22,2024-12-31,0.1171,8419669.32,6991778.19,2523024.45,1.6513,0.6476,1.252,3.6039,39.6012,98.7599,4.6203,3.6039,18.8703,10.1185,-2.5180000000000002,27.9586,10.089,39.2167,102.8903,18.5194,1493.3755,10.6776,,10.6776,,285.0668,,141.1353,,89.89399999999999,
210,56073,688366.XSHG,2024-12-31,2025-03-22,2024-12-31,1.8030000000000002,379096331.64,453709267.34,26917607.47,7.4910000000000005,6.7543,5.2892,13.947000000000001,69.8766,83.1814,18.3404,13.947000000000001,28.9454,16.4106,-1.8054,97.3321,5.7745,90.1651,110.9573,24.041999999999998,142.9487,1.6435,,1.6435,,-2.4934,,-8.7385,,1.0395,
211,56074,600882.XSHG,2024-12-31,2025-03-22,2024-12-31,0.2219,46919280.55,53679624.0,70604313.06,2.4835,1.0256,1.4891,2.3457,28.2903,98.8918,3.3762,2.3457,19.0343,5.5491,1.0363,33.343,43.8558,41.2947,109.4303,10.9569,988.694,-8.9897,,-8.9897,,201.805,,43.0735,,89.161,
212,56075,601963.XSHG,2024-12-31,2025-03-22,2024-12-31,1.4728,5041201000.0,6402142000.0,2481666000.0,8.6742,8.5452,0.6831,40.3605,,53.1983,46.8017,40.3605,,28.4076,,61.3156,38.8128,98.5131,,-151.6663,-324.0616,3.5411,,3.5411,,3.8934,,5.5857,,3.8035,
213,56076,002661.XSHE,2024-12-31,2025-03-22,2024-12-31,0.4245,138281799.87,193624047.12,2448048.62,6.0415,5.7241,1.6812,2.2021,19.3486,95.7602,3.1596,2.2021,6.7583,4.9098,1.8576,144.6222,1.8285,94.7469,108.6161,6.15,145.0555,-11.9117,,-11.9117,,200.9563,,149.2094,,322.3016,
214,56077,600976.XSHG,2024-12-31,2025-03-22,2024-12-31,2.3609999999999998,303394317.27,139055076.41,254493884.08,15.4678,12.9572,8.7087,10.4922,47.7319,96.0326,11.3205,10.4922,35.0411,5.4864,0.3328,35.4171,64.8191,83.7692,120.3315,6.6838,168.4693,-16.8085,,-16.8085,,-30.8573,,-29.7161,,-30.545,
215,56078,601918.XSHG,2024-12-31,2025-03-22,2024-12-31,0.9237,2388130123.99,3589705695.3,136063114.54,16.4602,16.4271,6.6288,21.0837,42.7278,71.795,29.2975,21.0837,0.4536,6.6051,3.9548,96.3316,3.6513,99.79899999999999,114.85,27.1692,96.3275,-0.9156,,-0.9156,,10.0141,,11.5761,,13.444,
216,56079,000407.XSHE,2024-12-31,2025-03-22,2024-12-31,0.1332,98672063.52,167455555.47,32514236.61,4.0138,3.378,2.0438,3.2896,16.1533,96.0373,4.4406,3.2896,5.6094,3.0502,1.9458,89.0454,17.2896,84.1613,108.1512,7.5197,189.7636,-9.65,,-9.65,,-33.6504,,-34.9317,,-23.5678,
217,56080,601328.XSHG,2024-12-31,2025-03-22,2024-12-31,1.2602,92726000000.0,103351000000.0,24303000000.0,8.3846,8.3075,0.6507,36.2662,,60.223,39.777,36.2662,,29.8996,,76.3933,23.4868,99.0811,,-22.0717,-55.4886,0.8661,,0.8661,,3.9424,,1.0477,,0.9253,
218,56081,688195.XSHG,2024-12-31,2025-03-22,2024-12-31,0.5363,66356267.95,66798494.26,6199436.43,7.6056,7.2754,5.7034,15.2851,37.5956,84.9938,16.6004,15.2851,3.404,7.824,-0.3224,92.851,8.6173,95.65799999999999,90.9705,15.6813,104.499,30.9579,,30.9579,,62.0413,,64.9449,,66.5267,
219,56082,600748.XSHG,2024-12-31,2025-03-22,2024-12-31,-0.1579,-372763397.69,-131065983.66,229799383.49,-2.7612,-3.5336,-1.0449,-12.8159,26.6901,105.2556,1.3899,-12.8159,3.6389,12.9841,13.7884,82.603,-144.8287,127.9713,127.1869,-51.1631,973.4931,-74.6956,,-74.6956,,-96.9688,,-163.3614,,-325.7616,
220,56083,603809.XSHG,2024-12-31,2025-03-22,2024-12-31,0.5019,315233179.73,393950191.01,-28071362.53,12.2151,11.9644,5.5609,13.5823,33.9839,83.3059,16.1,13.5823,0.7486,5.8753,3.6703,104.4513,-7.4428,97.9477,94.5628,25.9085,155.1953,21.2873,,21.2873,,75.064,,77.0843,,76.8699,
221,56084,600835.XSHG,2024-12-31,2025-03-22,2024-12-31,0.9165,732031615.16,1307057373.72,371350375.65,6.8963,5.3858,3.7341,6.5341,16.0133,93.6804,7.097,6.5341,2.8766,4.0116,-1.3638,87.8108,24.9481,78.0972,90.639,4.3389,68.658,-7.3414,,-7.3414,,-12.866,,-13.5197,,-6.2591,
222,56085,601899.XSHG,2024-12-31,2025-03-22,2024-12-31,1.2059,31692529659.0,43966871858.0,4968585650.0,25.9213,25.6317,10.6522,12.9735,20.3741,85.5201,16.0804,12.9735,0.243,2.5454,0.6683,91.4496,10.3345,98.8828,108.4784,16.0915,111.1299,3.489,,3.489,,52.8865,,48.4305,,51.7589,
223,56086,002420.XSHE,2024-12-31,2025-03-22,2024-12-31,0.2316,16712780.69,19065451.01,50561240.95,18.5249,3.2693,3.9251,3.4095,11.3868,99.2895,3.5019,3.4095,1.1036,4.3124,0.5908,19.5312,51.7964,17.6482,44.0618,-1.4837,-208.8189,18.6645,,18.6645,,145.2534,,143.6396,,144.5853,
224,56087,603758.XSHG,2024-12-31,2025-03-22,2024-12-31,0.3939,200727958.91,242321955.95,-31454522.86,6.9510000000000005,8.0715,5.7209,10.8044,23.936,84.8542,13.2687,10.8044,0.934,5.6985,-1.0645,116.2735,-15.0928,116.1202,124.3961,25.3779,167.55700000000002,-8.0415,,-8.0415,,-30.4717,,-33.6997,,-33.6997,
225,56088,600508.XSHG,2024-12-31,2025-03-22,2024-12-31,0.9901,703836187.79,876029960.86,0.0,5.6299,5.5374,3.3543,7.0042,21.5111,90.7672,9.1954,7.0042,0.314,7.1744,0.7428,99.5063,0.0,98.3567,103.9825,13.4535,145.7146,-13.5678,,-13.5678,,-35.2031,,-32.0273,,-26.1603,
226,56089,600354.XSHG,2024-12-31,2025-03-22,2024-12-31,0.0945,32929535.17,164861386.28,527602.94,7.9794,5.2682,5.9814,10.1222,32.1944,85.7377,14.2129,10.1222,4.7443,10.2854,0.4609,96.0351,0.3073,66.0223,121.277,23.9246,167.7476,-0.1585,,-0.1585,,18.46,,19.8524,,22.2604,
227,56090,603678.XSHG,2024-12-31,2025-03-22,2024-12-31,0.4244,169381398.38,228427445.68,3329549.2,3.5685,3.1074,2.2428,6.2553,31.2298,91.8463,7.6258,6.2553,6.1206,11.107999999999999,0.9483,108.45100000000001,1.5808,87.0771,109.8234,23.3476,286.3416,-20.0391,,-20.0391,,-41.3797,,-44.0956,,-38.9038,
228,56091,603677.XSHG,2024-12-31,2025-03-22,2024-12-31,0.3502,63691151.08,62775420.46,4819134.86,5.8348,5.51,3.0618,3.3652,12.3451,96.8678,3.5415,3.3652,1.1868,3.9488,0.1635,89.5059,6.8712,94.4333,83.66,6.2139,198.3894,13.1051,,13.1051,,-3.9668,,-2.4702,,-2.4702,
229,56092,600610.XSHG,2024-12-31,2025-03-22,2024-12-31,-0.0131,-21365996.59,-20997708.97,0.0,-31.4135,-47.656000000000006,-1.3286,-1.2807,9.0788,101.9094,-1.0418,-1.2807,1.3917,3.9574,3.4199,236.4151,0.0,151.7056,94.1105,22.3999,-1173.1066,-8.8495,,-8.8495,,91.0736,,88.2418,,88.2418,
230,56093,600223.XSHG,2024-12-31,2025-03-22,2024-12-31,0.2396,214624949.5,274723012.08,63980903.83,5.9984,5.2865,4.2906,7.4435,52.6802,93.1019,8.4826,7.4435,36.7266,4.5947,-0.7346,79.3324,18.4759,88.1325,104.7227,5.7413,83.2304,-13.0204,,-13.0204,,-19.4596,,-19.0359,,-19.7312,
231,56094,002240.XSHE,2024-12-31,2025-03-22,2024-12-31,-0.6791,-897396325.02,-554656611.47,191809163.74,-4.9752,-7.1829,-2.9825,-13.8353,2.4229,112.1066,-12.7242,-13.8353,0.2867,8.5907,4.4334,93.3806,-32.2925,144.3733,114.0156,28.7438,-237.4222,-42.3802,,-42.3802,,-177.9472,,-191.5061,,-188.5145,
232,56095,603477.XSHG,2024-12-31,2025-03-22,2024-12-31,1.0166,515874551.57,576676833.56,-3055992.6,16.2858,16.2019,6.3747,8.6445,19.1636,90.5124,7.9225,8.6445,0.6487,4.7732,3.3721,109.2741,-0.5791,99.4844,99.0469,20.8134,219.3762,50.4251,,50.4251,,176.4339,,181.3521,,180.3584,
233,56096,603078.XSHG,2024-12-31,2025-03-22,2024-12-31,0.2558,91579718.43,86030866.87,2180643.87,5.5912,5.1913,3.0541,7.4081,25.3135,92.1736,8.3203,7.4081,1.8681,9.9443,-0.4513,94.8487,2.4042,92.8491,68.8556,9.6666,123.5124,6.7318,,6.7318,,9.402999999999999,,21.2529,,-6.2878,
234,56097,002539.XSHE,2024-12-31,2025-03-22,2024-12-31,0.6661,717366354.99,714530901.79,24775489.77,9.4129,8.3937,3.7112,4.0194,10.708,96.4942,4.4856,4.0194,1.4389,2.779,0.9062,78.3397,2.7163,89.1728,70.0491,3.0929,88.221,-6.3675,,-6.3675,,-10.1366,,-6.1722,,-9.7985,
235,56098,600055.XSHG,2024-12-31,2025-03-22,2024-12-31,0.2238,142416193.02,162879768.84,3519808.95,3.32,3.0049,2.9198,10.4072,36.554,89.3148,10.7154,10.4072,14.3931,4.5657,-4.9037,97.6148,2.1094,90.5086,102.124,14.3177,133.9965,23.2628,,23.2628,,-23.4312,,-16.858,,-16.5415,
236,56099,002121.XSHE,2024-12-31,2025-03-22,2024-12-31,-0.2793,-476944827.42,-82839104.48,-86917323.8,-64.4396,-66.2513,-6.3333,-11.0874,29.4546,101.8695,-10.2027,-11.0874,7.9831,9.1526,5.0438,18.1792,19.0742,102.8114,100.7853,18.3337,-980.6579,5.5009,,5.5009,,-18.2641,,8.0079,,12.2414,
237,56100,600563.XSHG,2024-12-31,2025-03-22,2024-12-31,4.6186,1023830576.68,1182459912.85,33780952.06,20.811,20.5032,14.7608,21.8447,33.3749,75.2196,25.115,21.8447,1.1304,3.3029,-0.0585,98.4824,2.8135,98.5214,94.9519,26.3705,106.4167,22.9898,,22.9898,,1.3479,,1.4148,,1.4791,
238,56101,601088.XSHG,2024-12-31,2025-03-22,2024-12-31,2.9530000000000003,60125000000.0,83712000000.0,4873000000.0,14.0435,14.3916,10.6917,20.3517,34.04,75.2606,26.1136,20.3517,0.1451,3.0558,0.0381,97.5744,5.68,102.4782,103.4128,27.5871,111.5109,-1.3697,,-1.3697,,-3.2889,,-1.0532,,-1.7137,
239,56102,601898.XSHG,2024-12-31,2025-03-22,2024-12-31,1.4574,19102472000.0,29225631000.0,2564181000.0,13.0546,12.9057,7.0559,13.1754,24.8787,84.5693,16.6239,13.1754,0.5691,2.9104,1.261,92.5458,8.1197,98.8591,110.3609,18.0254,116.815,-1.8501,,-1.8501,,-4.8762,,-3.0866,,-1.0807,
240,56103,600084.XSHG,2024-12-31,2025-03-22,2024-12-31,0.0148,3994749.57,-3493575.15,4825824.0,1.2938,0.3107,1.1721,10.3582,58.7713,102.1641,7.354,10.3582,24.2763,25.8344,0.1109,-27.7057,38.271,24.0141,106.2481,-30.7562,1421.2018,-23.689,,-23.689,,190.7569,,258.2092,,352.5121,
241,56104,603993.XSHG,2024-12-31,2025-03-22,2024-12-31,0.6265,13118825942.69,25666273242.18,-416793940.41,20.7287,20.0957,9.0087,7.257000000000001,16.5493,87.9517,11.8604,7.257000000000001,0.0436,0.9987,1.3514,102.1582,-1.6589,96.9464,100.9427,15.203,126.1837,14.3662,,14.3662,,90.1421,,81.2229,,64.0304,
242,56105,688323.XSHG,2024-12-31,2025-03-22,2024-12-31,-0.3182,-57628224.39,-64719471.47,-1514157.14,-5.8971,-5.9335,-2.2858,-16.8925,19.0036,119.0882,-18.4517,-16.8925,1.9745,13.7402,10.872,101.8084,2.3819,100.6169,89.8155,40.561,-212.4923,22.8778,,22.8778,,-202.9395,,-192.174,,-192.174,
243,56106,002136.XSHE,2024-12-31,2025-03-22,2024-12-31,0.0523,17723895.26,-33655141.83,-391724.79,0.9557,1.5048,-1.7213,-1.874,3.5764,101.7838,-1.2813,-1.874,0.6609,1.7105,-0.5848,90.5298,1.0537,157.4588,62.5237,-4.8279,270.6537,-10.6272,,-10.6272,,-145.5607,,-161.7107,,-82.5497,
244,56107,603881.XSHG,2024-12-31,2025-03-22,2024-12-31,0.2208,127580624.3,266281618.09,8285633.7,4.1605,4.0155,1.8303,7.6574,30.9988,84.5231,11.1686,7.6574,0.2544,4.3392,5.7469,138.535,4.3107,96.5129,112.9723,73.205,472.995,11.5668,,11.5668,,16.4551,,7.1444,,7.4937,
245,56108,600789.XSHG,2024-12-31,2025-03-22,2024-12-31,0.4391,208583495.88,266111187.92,-7561097.17,10.4813,5.5402,4.5624,6.5513,23.9628,95.7307,6.997999999999999,6.5513,9.1137,3.7562,0.8598,61.3299,-1.7426,52.8574,84.6941,6.4626,151.3721,1.4051,,1.4051,,60.2852,,59.0217,,60.301,
246,56109,300006.XSHE,2024-12-31,2025-03-22,2024-12-31,-0.0832,-118869702.88,-87525471.55,-18877654.65,-4.4391,-6.0097,-2.7873,-10.0665,64.3882,111.0012,-13.3009,-10.0665,49.8649,17.4972,-2.3708,115.8692,24.9909,135.3801,121.9001,23.2567,-211.4014,-11.1652,,-11.1652,,-288.2056,,-699.4632,,-883.5464,
247,56110,600388.XSHG,2024-12-31,2025-03-22,2024-12-31,0.6538,761481652.6,957469972.75,54739624.6,9.2683,8.4991,3.1591,8.2119,24.8365,90.4439,9.807,8.2119,2.8643,6.0847,1.0211,98.1219,5.6097,91.7001,80.1423,21.7253,227.3442,-8.6862,,-8.6862,,42.9368,,62.7896,,63.1531,
248,56111,600874.XSHG,2024-12-31,2025-03-22,2024-12-31,0.514,723130878.23,1190245964.66,1550409.92,8.5914,7.6965,3.5096,18.0356,39.7843,75.3442,21.6114,18.0356,0.2087,5.1521,7.1462,113.6748,0.1481,89.5839,85.7362,28.6283,116.1119,3.4805,,3.4805,,-5.385,,-3.6285,,-6.7032,
249,56112,601919.XSHG,2024-12-31,2025-03-22,2024-12-31,3.0763,49017179110.85,60879184489.97,4817936161.6,22.7959,22.7572,11.5402,23.6875,29.5411,73.9676,28.6485,23.6875,0.4152,3.6542,-1.5962,91.0145,7.2028,99.8303,100.1489,29.6388,113.8532,33.2888,,33.2888,,102.3022,,95.0762,,105.7844,
250,56113,002516.XSHE,2024-12-31,2025-03-22,2024-12-31,0.1112,134728010.86,215432357.67,5278747.54,4.4717,3.6851,3.5701,7.6396,22.1639,89.73299999999999,9.3561,7.6396,0.9085,6.7601,0.1945,110.7304,2.7132,82.4084,58.6355,10.2822,100.1484,16.3485,,16.3485,,-9.4129,,-5.7167,,-14.4956,
251,56114,300080.XSHE,2024-12-31,2025-03-22,2024-12-31,-0.4544,-946514509.63,-732975762.57,-3464360.62,-14.0538,-15.6248,-6.9677,-30.5883,1.5044,121.4184,-32.3021,-30.5883,0.4829,8.2066,8.293,66.4935,0.3143,111.1782,116.1931,-1.2346,5.7641,-65.3773,,-65.3773,,-22975.6605,,-3892.7121,,-1948.1973,
252,56115,603113.XSHG,2024-12-31,2025-03-22,2024-12-31,-0.0683,-129054712.62,-308628004.77,-11737266.96,-0.6658,-1.4846,-0.3103,-0.3558,1.8091,101.8975,-0.6848,-0.3558,0.1214,1.1953,1.2423,342.8777,13.0398,222.9968,106.2942,1.3314,-70.1653,11.5286,,11.5286,,-247.5013,,-142.1259,,-142.1259,
253,56116,603912.XSHG,2024-12-31,2025-03-22,2024-12-31,0.0662,16734567.15,9480431.61,20815122.22,1.8986,0.8859999999999999,1.1529,4.4605,20.9006,98.8234,4.4728,4.4605,8.3698,3.6503,0.4239,25.0225,54.9392,46.6674,95.8653,5.8481,497.0221,26.8028,,26.8028,,-2.2527,,1.8532,,1.3877,
254,56117,603919.XSHG,2024-12-31,2025-03-22,2024-12-31,0.7652,388283957.65,457217154.92,-152486.33,11.6734,11.6775,8.4485,12.5932,60.9236,84.8667,16.0799,12.5932,19.7257,10.0757,-0.6416,98.3179,-0.0328,100.0349,113.1657,18.4686,122.0391,18.5922,,18.5922,,22.4921,,17.945,,18.0277,
255,56118,300697.XSHE,2024-12-31,2025-03-22,2024-12-31,0.3927,127537689.2,153049388.96,-408498.94,11.9935,11.7049,7.7453,5.0772,10.6483,94.09700000000001,5.6781,5.0772,0.733,1.8336,0.3707,103.0406,-0.275,97.5938,107.9728,-0.9998,-16.9377,8.3731,,8.3731,,-10.8367,,-3.6245,,-3.6249,
256,56119,601990.XSHG,2024-12-31,2025-03-22,2024-12-31,0.2717,998754139.77,1286887594.82,1109664403.88,5.7162,5.6997,1.5731,32.0566,,59.1138,40.8862,32.0566,,44.4494,,13.8523,86.7345,99.7114,,95.0371,232.4427,27.1167,,27.1167,,50.7272,,47.6992,,47.9502,
257,56120,000688.XSHE,2024-12-31,2025-03-22,2024-12-31,-0.1007,-90184138.9,46380004.54,16207111.25,-3.7960000000000003,-3.0409,-1.2956,-6.087999999999999,27.9225,97.5815,-0.9819,-6.087999999999999,0.4233,12.9542,6.4238,-84.2145,-29.4281,80.1072,82.5803,11.7831,487.2156,60.3682,,60.3682,,-124.9483,,-494.3727,,-279.51099999999997,
258,56121,600548.XSHG,2024-12-31,2025-03-22,2024-12-31,0.5251,1074021625.75,1319107943.62,1027767849.09,5.1739999999999995,4.8531,1.8039,13.175999999999998,31.5963,85.7327,19.4157,13.175999999999998,0.1373,4.976,11.2294,75.0164,58.4482,93.79700000000001,77.6354,40.2058,281.8046,-0.5337,,-0.5337,,-40.4291,,-48.9397,,-50.7971,
259,56122,000029.XSHE,2024-12-31,2025-03-22,2024-12-31,-0.1747,-197979921.69,-19825199.39,19808200.18,-4.9065,-5.497000000000001,-6.0546,-92.7704,18.352,104.8708,-94.1276,-92.7704,3.2344,17.2272,-1.3519999999999999,5.2038,-5.1994,112.036,110.2719,-31.3015,642.6364,-23.3318,,-23.3318,,11.0074,,15.652000000000001,,29.5522,
260,56123,600918.XSHG,2024-12-31,2025-03-22,2024-12-31,0.1345,874832528.85,1279919976.14,1319030663.62,2.2680000000000002,2.1169,0.5145,9.9289,,88.2484,11.7516,9.9289,,73.1907,,-3.1,104.5499,93.3364,,254.4771,2165.4638,-14.6566,,-14.6566,,-50.3101,,-47.5351,,-47.9224,
261,56124,600717.XSHG,2024-12-31,2025-03-22,2024-12-31,0.3433,975283315.44,1491866690.45,369877193.78,5.2268,5.1303,4.2274,12.4503,28.6005,87.6398,15.6337,12.4503,,13.6548,1.281,78.1017,19.3637,98.1537,100.2239,22.8714,185.0416,3.1264,,3.1264,,7.8091,,5.0297,,1.2204,
262,56125,002911.XSHE,2024-12-31,2025-03-22,2024-12-31,0.659,807836783.68,1011780434.2,202175739.25,11.4035,10.7983,5.2525,3.0651,6.1347,96.7971,3.8906,3.0651,0.3731,1.2335,0.17800000000000002,81.9838,16.3821,94.6925,118.5599,5.5406,172.9879,23.695999999999998,,23.695999999999998,,-9.3845,,4.3561,,1.0256,
263,56126,000932.XSHE,2024-12-31,2025-03-22,2024-12-31,0.2941,1305743626.56,1559362243.28,478057307.25,3.8007,2.4426,2.2753,2.2202,7.2051,98.9222,2.9168,2.2114,0.3378,1.1496,0.0606,37.6532,11.5434,64.2666,79.4756,3.9933,370.5209,-12.0272,,-12.0716,,-43.6619,,-51.8121,,-59.9935,
264,56127,603909.XSHG,2024-12-31,2025-03-22,2024-12-31,0.3668,89582669.72,185729285.2,5678400.55,9.2457,8.6631,3.2279,1.8596,5.9486,97.1898,2.3878,1.8596,0.34299999999999997,1.9711,-0.0266,120.243,3.6763,93.6987,91.667,7.1214,253.40900000000002,67.4888,,67.4888,,59.488,,53.1607,,45.0265,
265,56128,000544.XSHE,2024-12-31,2025-03-22,2024-12-31,1.0590000000000002,954163671.82,1211802013.33,415500.45,11.9058,11.0061,2.7868,19.6825,44.3144,77.7376,20.6404,19.6825,0.0207,5.0026,14.0044,107.7783,0.037000000000000005,92.4426,36.1006,-11.1952,-50.2874,-30.3301,,-30.3301,,11.3992,,18.4282,,20.0034,
266,56129,300146.XSHE,2024-12-31,2025-03-22,2024-12-31,0.3838,626311803.35,816759042.28,4603670.49,5.6235,5.3951,4.4106,9.4739,66.6878,88.0563,12.0424,9.4739,44.3304,8.1471,-0.7184,90.689,0.5112,95.9374,95.2667,10.0307,83.9828,-27.3038,,-27.3038,,-60.1903,,-63.5777,,-62.6164,
267,56130,003006.XSHE,2024-12-31,2025-03-22,2024-12-31,0.6701,253975033.0,291625998.0,16519260.0,20.2829,17.9071,14.2576,8.8399,53.1881,91.0386,10.1118,8.8399,37.6705,3.5914,-0.0609,86.0102,4.8721,88.2865,113.6152,9.9936,111.5183,51.7731,,51.7731,,17.1729,,20.5996,,20.7426,
268,56131,002772.XSHE,2024-12-31,2025-03-22,2024-12-31,0.3256,91771498.85,94232876.73,28110544.0,3.7937,2.7193,2.0644,6.5418,20.8405,95.1307,6.4701,6.5418,8.1821,4.3732,2.4249,74.4346,22.2045,71.68,98.89200000000001,25.5535,524.7829,0.2149,,0.2149,,-21.2116,,-20.6557,,-19.7717,
269,56132,300675.XSHE,2024-12-31,2025-03-22,2024-12-31,0.0164,570858.15,9222004.88,-2497602.52,0.3946,0.0938,0.1993,0.7857,37.3668,97.5226,0.1108,0.7857,6.2982,13.5079,4.5022,244.0334,-66.0917,23.7717,90.4086,0.2991,12.0722,-11.8262,,-11.8262,,-98.4361,,-89.06700000000001,,-89.85799999999999,
270,56133,301559.XSHE,2024-12-31,2025-03-22,2024-12-31,0.5065,320523987.15,376368575.47,-33514193.06,6.4872,6.8427,5.465,9.0031,16.6701,88.7621,10.3465,9.0031,0.6855,3.3913,-3.2053,107.6411,-9.585,105.4805,94.6704,9.0193,80.2581,-28.1807,,-28.1807,,-49.1809,,-49.0895,,-49.0069,
271,56134,603031.XSHG,2024-12-31,2025-03-22,2024-12-31,0.7966,164610789.97,971157022.62,5440727.38,9.0986,8.9054,11.6483,17.4081,48.8081,79.0624,20.7635,17.4081,18.5428,5.1258,0.4776,100.92200000000001,0.5654,97.8766,104.7294,20.1576,96.2745,7.428,,7.428,,14.1378,,13.6798,,45.2003,
272,56135,600965.XSHG,2024-12-31,2025-03-22,2024-12-31,0.0631,46521628.35,70652861.49,996799.57,2.4079,2.1668,2.1615,5.462999999999999,25.4372,93.0837,6.1586,5.462999999999999,12.6309,4.8371,0.345,101.12700000000001,1.4267,89.986,106.4062,10.1486,146.7349,-2.3644,,-2.3644,,-48.7971,,-42.5566,,-47.5615,
273,56136,000822.XSHE,2024-12-31,2025-03-22,2024-12-31,0.0438,-37763472.21,241109078.39,84797073.09,0.7557,-0.7277,0.4717,0.6522,13.9751,95.99,0.7416,0.6522,1.2837,5.3772,-0.0382,497.1897,174.8596,-96.2943,102.8716,27.6608,689.7906,-29.4961,,-29.4961,,-96.7015,,-96.2435,,-96.244,
274,56137,300999.XSHE,2024-12-31,2025-03-22,2024-12-31,0.4615,972273000.0,1465397000.0,2298643000.0,2.7015,1.0498,1.065,1.0334,5.3531,99.3865,1.5193,1.0334,2.6315,1.5223,0.1792,40.079,62.8685,38.8595,109.2265,2.0908,340.8057,-5.0323,,-5.0323,,7.0307,,-11.3632,,-12.1404,
275,56138,688018.XSHG,2024-12-31,2025-03-22,2024-12-31,3.0243,308243058.01,263102270.61,21042124.39,16.7032,15.1733,13.9703,16.892,43.9079,86.8902,16.6506,16.892,3.1351,3.4511,-0.3888,79.0164,6.3195,90.8404,106.7371,10.9856,83.7973,40.0439,,40.0439,,217.4687,,148.8963,,149.128,
276,56144,688757.XSHG,2024-12-31,2025-03-24,2024-12-31,,72516697.83,72051935.68,1361685.55,14.3983,12.8616,6.0149,19.5489,46.861999999999995,82.6495,21.6307,19.5489,3.2398,11.8835,3.2539,80.3356,1.5182,89.3269,100.042,53.3232,307.3289,5.4034,,5.4034,,-19.3378,,-17.6147,,-17.6147,
277,56148,600028.XSHG,2024-12-31,2025-03-24,2024-12-31,0.4148,48057000000.0,53105000000.0,11742000000.0,6.1896,5.9121,2.7994,1.8717,15.4697,98.2728,2.3502,1.8717,1.9977,1.8871,0.3634,75.3124,16.6522,95.5161,113.9688,4.8579,281.2541,-4.2853,,-4.2853,,-16.7009,,-17.844,,-16.7871,
278,56149,002777.XSHE,2024-12-31,2025-03-24,2024-12-31,0.1795,53079766.5,124520702.21,8292596.3,4.4151,3.1989,3.1271,6.3055,41.3677,90.7038,6.1766,6.3055,10.7654,8.0278,-0.256,152.2431,10.1388,72.4527,111.5586,22.0534,237.229,-0.5479,,-0.5479,,-56.0795,,-52.3659,,-55.9598,
279,56154,688025.XSHG,2024-12-31,2025-03-25,2024-12-31,1.396,105565249.31,146509683.47,25517112.69,6.6673,5.3045,4.6773,8.5315,37.6879,89.9226,8.9532,8.5315,7.7661,8.4373,-1.0054,114.1441,19.8801,79.5609,96.2475,5.3992,53.5771,18.6208,,18.6208,,8.227,,19.0029,,23.5277,
280,56155,300037.XSHE,2024-12-31,2025-03-25,2024-12-31,1.2496,950342605.44,1093666965.13,-7414230.2,9.9554,10.043,5.4023,12.1335,26.4921,86.0622,14.0386,12.1335,1.5135,4.8935,0.4324,99.8884,-0.6772,100.8799,106.2287,10.4299,74.832,4.8482,,4.8482,,-7.7182,,-5.7962,,-6.8259,
281,56156,603558.XSHG,2024-12-31,2025-03-25,2024-12-31,0.8806,321177783.55,378436403.24,-7271804.5,13.1644,13.0125,8.7917,12.6251,28.7877,85.2958,14.8445,12.6251,3.2463,8.2306,-0.1253,99.3071,-1.9082,98.846,97.2923,13.298,90.4366,12.8131,,12.8131,,37.0453,,20.1518,,20.1518,
282,56157,600486.XSHG,2024-12-31,2025-03-25,2024-12-31,2.9558,1162771826.1,1383057373.04,-282022.1,11.8973,11.5082,7.2102,11.5283,23.1108,86.7457,13.5408,11.5283,2.224,4.4818,-0.6199,98.3597,-0.0201,96.73,105.6939,20.6551,155.8368,-9.0865,,-9.0865,,-24.4114,,-23.1912,,-23.1907,
283,56158,600888.XSHG,2024-12-31,2025-03-25,2024-12-31,0.8743,992044799.25,246176495.98,688289074.43,11.65,9.6051,6.9709,16.4589,10.8499,96.6374,16.6261,16.4589,0.9394,3.8475,1.107,19.2667,53.868,82.4472,94.5227,9.4715,281.6695,12.0319,,12.0319,,-25.8627,,-23.0884,,-22.9385,
284,56159,002594.XSHE,2024-12-31,2025-03-25,2024-12-31,13.8366,36982887000.0,39162508000.0,2823408000.0,24.8437,22.8246,5.6857,5.3517,19.4383,94.9604,6.4967,5.3517,3.0994,2.3993,0.1565,78.8285,5.6831,91.87299999999999,99.6455,17.1733,340.7695,29.0192,,29.0192,,32.4985,,32.681999999999995,,33.9989,
285,56160,000810.XSHE,2024-12-31,2025-03-25,2024-12-31,0.218,201886115.52,152320349.84,-19820873.04,3.9157,3.1519999999999997,2.1301,2.7081,14.5587,98.2478,2.557,2.7081,5.3708,1.9179,-0.6907,64.4344,-8.3846,80.4975,121.1046,3.8379,219.0399,-18.1999,,-18.1999,,-64.0097,,-60.1778,,-58.3439,
286,56161,300204.XSHE,2024-12-31,2025-03-25,2024-12-31,-0.3032,-153625576.8,-44764102.96,140758.64,-14.8564,-15.7573,-11.905,-45.4815,80.8286,113.7814,-10.3488,-45.4815,47.3897,12.9231,-0.0047,130.4459,-0.4102,106.0638,103.7553,-19.6058,142.2633,-10.8078,,-10.8078,,90.8196,,62.9647,,63.6889,
287,56162,002410.XSHE,2024-12-31,2025-03-25,2024-12-31,0.1516,174127630.41,374560156.17,3758145.37,4.2295,2.9409,2.5886,4.3626,84.425,93.9971,5.0887,4.337,27.6438,21.8698,-0.2951,120.9615,1.2137,69.533,100.7594,19.1313,318.6988,-4.9325,,-4.9306,,87.2657,,126.8918,,116.1858,
288,56163,002318.XSHE,2024-12-31,2025-03-25,2024-12-31,1.5252,1521396120.06,1750774483.59,11800395.16,19.7089,20.1191,11.1855,13.9237,27.6304,83.9648,16.6047,13.9237,4.5413,3.9923,-0.7095,96.6656,0.6515,102.0814,84.8078,7.6131,47.4774,27.4248,,27.4248,,4.5636,,1.9077,,0.1235,
289,56164,000862.XSHE,2024-12-31,2025-03-25,2024-12-31,0.0947,53441850.19,208551240.17,4282744.02,2.0696,1.2726,1.0062,7.4879999999999995,33.4714,83.5222,5.9031,7.4879999999999995,0.0637,4.5937,10.7659,204.1939,4.1933,61.4885,76.6616,42.2993,256.7046,-3.3165,,-3.3165,,-58.2182,,-43.9132,,-45.8153,
290,56165,603209.XSHG,2024-12-31,2025-03-25,2024-12-31,1.2515,338346821.42,428727225.53,9193005.96,14.7439,14.235999999999999,8.7424,23.5458,36.0006,71.6963,29.8641,23.5458,1.1175,4.2148,1.8719,95.2682,2.0428,96.5557,105.4521,36.8157,130.0737,22.4258,,22.4258,,42.0294,,36.6683,,38.9461,
291,56166,603577.XSHG,2024-12-31,2025-03-25,2024-12-31,0.4562,135414984.5,168447140.65,-318003.0,8.386000000000001,7.3405,2.6895,3.4983,14.0895,96.3528,4.1339,3.4983,1.3867,1.5022,2.8047,89.5137,-0.16899999999999998,87.5338,76.6427,3.9695,108.8371,12.8207,,12.8207,,863.4003,,427.8133,,491.0715,
292,56167,000868.XSHE,2024-12-31,2025-03-25,2024-12-31,0.0089,-54931048.84,-62800592.71,7658024.66,0.9825,-6.4309,0.3139,0.3968,10.2475,102.2961,0.3633,0.3968,5.4591,3.0849,-0.677,-574.3072,70.0321,-654.5617,91.5569,0.0944,-4.1119,27.4271,,27.4271,,105.6333,,106.3351,,104.9396,
293,56168,002648.XSHE,2024-12-31,2025-03-25,2024-12-31,1.8025,6048106001.69,6813302042.08,157115412.37,21.781999999999996,21.6969,9.1235,13.2797,23.5658,85.0744,15.4084,13.2797,0.2807,1.6580000000000001,2.2445,97.0822,2.2387,99.6092,110.6071,23.1999,155.4369,10.0307,,10.0307,,30.7908,,26.7197,,26.7741,
294,56169,002012.XSHE,2024-12-31,2025-03-25,2024-12-31,0.0123,15156785.3,21560795.86,6085656.36,0.3749,0.9898,1.1599,3.6925,18.5176,96.3488,4.8384,3.6925,1.9641,9.3185,-1.9648,85.8898,24.2429,264.0194,86.8371,11.9571,327.4858,-28.5092,,-28.5092,,-54.1322,,-59.0843,,-87.9056,
295,56170,603062.XSHG,2024-12-31,2025-03-25,2024-12-31,1.9524,178838259.53,252763439.04,22809828.24,10.0884,8.5564,6.9192,9.856,20.6945,88.1853,11.5628,9.856,3.5121,2.2835,-0.1921,102.8914,9.2851,84.8141,73.9527,2.5743,21.7892,87.5588,,87.5588,,26.4611,,26.296,,26.296,
296,56171,600585.XSHG,2024-12-31,2025-03-25,2024-12-31,1.4523,7364704000.0,9346972099.0,206759987.0,4.123,3.9454,3.0592,8.4184,21.7045,89.7319,10.6703,8.4184,3.752,6.5318,-1.2859,93.1977,2.0616,95.6938,110.9351,20.297,197.671,-35.5119,,-35.5119,,-26.0309,,-28.678,,-26.1944,
297,56172,603010.XSHG,2024-12-31,2025-03-25,2024-12-31,0.1754,99455448.33,187408598.47,-2652789.58,2.6854,2.5824,1.2076,2.7468,18.4825,93.6758,3.8927,2.7468,1.3826,6.5183,-0.2492,166.18599999999998,-2.3524,96.1625,93.083,12.7694,201.9132,3.9702,,3.9702,,-47.6981,,-52.9013,,-43.7199,
298,56173,600219.XSHG,2024-12-31,2025-03-25,2024-12-31,0.4159,4907887988.61,6549662587.97,15517233.43,9.791,9.949,8.5653,17.7921,27.1846,80.4354,19.8039,17.7921,0.9333,2.7051,-1.0253,98.4381,0.2332,101.6135,88.3199,22.7527,116.2956,16.0645,,16.0645,,51.7967,,48.8076,,39.0325,
299,56174,688660.XSHG,2024-12-31,2025-03-25,2024-12-31,-0.5886,-811202058.99,-839403454.42,56733673.14,-14.2995,-14.7809,-2.8541,-7.528,6.8846,108.0418,-8.6862,-7.528,2.3959,4.7216,1.5926,93.0553,-6.2894,103.3661,115.7718,0.4153,-5.1638,3.2015,,3.2015,,35.9793,,38.2028,,38.2676,
300,56175,600179.XSHG,2024-12-31,2025-03-25,2024-12-31,0.1443,462851435.13,529922826.39,140286357.05,5.8321,4.4221,4.4387,8.085,12.0406,92.9804,9.9236,8.085,0.5329999999999999,4.1104,0.0729,69.4288,18.3799,75.82300000000001,93.4117,14.4289,205.5536,2.7978,,2.7978,,1.8401,,7.5179,,7.5324,
301,56176,002813.XSHE,2024-12-31,2025-03-25,2024-12-31,-0.4618,-57334022.7,-45813622.98,340641.95,-16.3701,-16.9384,-10.6902,-15.3673,19.5797,112.7058,-13.7335,-15.3673,6.6686,7.4773,-0.1318,93.3716,-0.6943,103.4718,66.7964,-13.9178,109.5395,26.7673,,26.7673,,-136.1675,,-101.8795,,-102.0347,
302,56177,301256.XSHE,2024-12-31,2025-03-25,2024-12-31,0.2094,53540067.57,62393418.26,44960921.7,5.7739,3.076,4.1293,8.33,15.8287,94.8284,9.5087,8.33,0.8625,4.8915,0.391,54.316,39.1403,53.2749,89.0111,-1.6479,-31.8652,13.8892,,13.8892,,-28.1549,,-27.5289,,-27.5289,
303,56178,300018.XSHE,2024-12-31,2025-03-25,2024-12-31,0.1601,84233147.44,91332147.31,-6904254.66,6.1264,6.7043,5.461,14.5694,46.9674,83.5049,16.4795,14.5694,11.177,8.2049,-2.0883,97.3454,-7.3588,109.4323,102.4219,21.8031,132.1793,23.5686,,23.5686,,20.1012,,27.182,,28.0463,
304,56179,600269.XSHG,2024-12-31,2025-03-25,2024-12-31,0.5477,1081281995.67,1565814650.68,369910873.37,7.0438,5.954,3.6465,22.2591,39.2862,73.8379,34.2629,22.2591,1.3438,4.8009,5.2173,84.4717,19.9557,84.5284,105.9713,43.4419,166.0489,-20.116,,-20.116,,13.0259,,9.5285,,8.6546,
305,56180,002199.XSHE,2024-12-31,2025-03-25,2024-12-31,-0.3017,-79097792.92,-35833615.52,85000.0,-27.6378,-29.7616,-14.600999999999999,-33.8194,5.6384,116.4985,-33.8658,-33.8194,1.7339,13.1087,1.7277,48.7841,-0.1157,107.6843,66.0108,-4.2238,25.6009,25.3693,,25.3693,,-11.116,,-10.2007,,-10.2977,
306,56181,600577.XSHG,2024-12-31,2025-03-25,2024-12-31,0.2664,511634012.5,704097878.95,32191741.45,10.1852,9.2772,4.8202,2.5847,5.8276,96.8458,3.2569,2.5847,0.4012,0.9075,0.6584,95.5465,4.3684,91.0853,101.8687,-2.6393,-83.6749,24.6663,,24.6663,,31.7035,,31.5298,,31.7165,
307,56182,601882.XSHG,2024-12-31,2025-03-25,2024-12-31,1.0019,471458174.41,554564330.94,13515867.98,20.8574,18.8021,11.1834,15.6032,27.3409,83.4549,16.7318,15.6032,3.6807,1.5294,-0.1395,93.7305,2.2844,90.1462,100.3516,7.4158,44.8214,0.8535,,0.8535,,-13.7353,,-14.1908,,-14.1908,
308,56183,002451.XSHE,2024-12-31,2025-03-25,2024-12-31,0.0407,5174299.73,7967390.69,3298654.38,2.3509,0.6807,1.2643,1.5928,9.1316,99.4074,1.3469,1.5928,1.3992,2.1836,1.5390000000000001,38.8298,16.0763,28.9523,95.6961,-1.2243,-206.5857,23.498,,23.498,,-6.7613,,18.5857,,10.5737,
309,56184,600383.XSHG,2024-12-31,2025-03-25,2024-12-31,-1.3545,-4386955557.42,2729383447.24,-3550876097.75,-9.8551,-7.0701,-2.3421,-10.3889,15.0312,96.3774,-9.2882,-10.3787,2.886,3.8913,2.7283,-38.9647,50.6924,71.7399,55.8372,18.0768,499.005,-23.2168,,-23.2008,,-217.9432,,-344.7326,,-788.5397,
310,56185,300401.XSHE,2024-12-31,2025-03-25,2024-12-31,0.569,256888423.11,290950394.16,962113.78,10.119,8.4067,5.6875,24.8704,58.4365,76.5982,28.5855,24.8704,15.5698,9.3138,1.557,81.1139,0.2682,83.0782,101.8981,37.5141,160.3044,13.578,,13.578,,71.5872,,60.7542,,60.7562,
311,56186,300403.XSHE,2024-12-31,2025-03-25,2024-12-31,0.3882,236852347.24,270315134.07,-5250494.61,11.8115,11.9499,9.7037,20.5385,33.9856,76.2851,23.131,20.5385,2.9993,4.0301,-1.6124,102.5833,-1.9925,101.1721,98.9608,18.9316,79.83,4.4381,,4.4381,,-3.1191,,-3.5161,,-4.0377,
312,56187,002756.XSHE,2024-12-31,2025-03-25,2024-12-31,1.9356,894032221.49,1096866081.37,48721835.4,8.2357,7.0563,7.2461,13.1503,18.1457,86.4146,16.1703,13.1503,0.2827,1.8093,-2.4038,85.4915,3.7975,85.6788,101.7858,9.7607,71.8466,-33.7614,,-33.7614,,-69.4736,,-69.96300000000001,,-69.3707,
313,56188,600711.XSHG,2024-12-31,2025-03-25,2024-12-31,0.6489,1825189411.48,2696011557.69,159242581.74,13.6672,12.4391,6.0169,8.794,19.5011,89.5221,9.5949,8.794,0.1278,3.5067,2.1286,111.1674,6.5662,91.014,110.9603,10.7373,102.4756,5.212000000000001,,5.212000000000001,,294.2508,,280.4482,,657.6268,
314,56189,600655.XSHG,2024-12-31,2025-03-25,2024-12-31,0.0322,-2108851061.6,-1748767004.42,2861641768.92,0.3486,-5.8683,-0.3507,-0.9145,13.5958,103.7268,0.7843,-0.9145,5.8978,5.8548,4.1058,-553.2051,905.2519,-1683.6042,108.7485,9.0638,-243.209,-19.3002,,-19.3002,,-84.2483,,-123.6006,,-93.8116,
315,56190,600096.XSHG,2024-12-31,2025-03-25,2024-12-31,2.9073,5189966360.31,6871946099.64,595433251.35,25.9507,25.2549,11.6151,9.8197,17.500999999999998,88.8328,11.5993,9.8197,1.2344,1.8054,0.7935,97.4888,8.4471,97.3187,109.35,17.4726,156.4641,-10.8938,,-10.8938,,4.5914,,10.0013,,17.9285,
316,56191,688123.XSHG,2024-12-31,2025-03-25,2024-12-31,1.8439,263916243.79,285460448.59,21470610.95,13.9009,12.6388,12.6754,26.8448,54.8091,72.23899999999999,29.4097,26.8448,5.4,5.52,-1.6177,95.6092,7.1911,90.9211,106.6569,29.3786,105.8266,46.1708,,46.1708,,247.0672,,233.803,,189.2343,
317,56192,002119.XSHE,2024-12-31,2025-03-25,2024-12-31,0.2217,56831592.11,44866471.26,17407252.66,6.249,4.269,3.5734,4.2345,11.984000000000002,97.7162,4.2304,4.2345,0.7026,3.8982,0.5863,53.7153,20.8404,68.3156,79.2653,2.2356,97.8911,10.3774,,10.3774,,3.8292,,3.2443,,3.2443,
318,56193,000933.XSHE,2024-12-31,2025-03-25,2024-12-31,1.9147,4114100770.83,5907576738.26,665034531.08,20.7502,19.8219,8.8473,12.5035,21.2289,84.6047,17.2286,12.5035,0.8290000000000001,2.334,0.134,92.12299999999999,10.3706,95.5262,102.7742,20.1146,130.6546,1.9869,,1.9869,,-20.0569,,-28.6899,,-27.0703,
319,56194,003009.XSHE,2024-12-31,2025-03-25,2024-12-31,0.1259,12268294.71,4763864.5,0.0,1.2075,0.7571,0.6343,2.116,18.8712,99.4848,1.7904,2.116,2.523,6.8948,0.1303,31.2158,0.0,62.7016,91.9358,6.5573,1272.8104,-21.6418,,-21.6418,,-83.6995,,-79.6213,,-79.6213,
320,56195,003000.XSHE,2024-12-31,2025-03-25,2024-12-31,0.6461,260853773.76,309722254.4,10302431.86,21.3548,19.1211,14.7281,12.1678,30.4673,87.1588,14.6229,12.1678,11.9665,3.7617,-0.6351,89.8513,2.9888,89.5401,113.2504,22.4641,174.9375,16.7892,,16.7892,,32.2826,,38.3838,,39.0052,
321,56196,601975.XSHG,2024-12-31,2025-03-25,2024-12-31,0.4001,1669259997.67,1956453313.65,0.0,19.379,16.8387,15.7502,29.886999999999997,32.5151,69.7858,34.6553,29.886999999999997,0.6453,1.6227,-0.4503,87.0528,0.0,86.8918,102.6587,38.3684,126.9879,4.4971,,4.4971,,21.3102,,23.3878,,23.3818,
322,56197,000157.XSHE,2024-12-31,2025-03-25,2024-12-31,0.4057,2554049823.66,3698732138.62,-53530381.07,6.2009,4.4988,3.1489999999999996,8.8148,28.1673,91.867,9.5113,8.8148,8.1813,4.9295,0.124,84.3871,-1.2213,72.5505,120.2911,4.7101,57.9132,-3.3918,,-3.3918,,4.1686,,6.3086,,0.4098,
323,56198,300227.XSHE,2024-12-31,2025-03-25,2024-12-31,-0.0553,-48107104.21,16009125.95,3954822.76,-1.7665,-3.1054,-1.2904,-3.2331,29.3798,98.5683,-3.0536,-3.2331,7.1503,9.0471,2.0059,-45.1179,-11.1457,175.7877,98.0256,7.6736,535.9714,4.2334,,4.2334,,-159.3878,,-175.8837,,-148.1672,
324,56199,002997.XSHE,2024-12-31,2025-03-25,2024-12-31,1.6736,324400463.51,331911606.77,90891269.04,18.1204,16.7798,7.2788,16.6359,25.0134,86.309,18.5521,16.6359,1.2359,4.6334,-0.1501,72.8407,19.9468,92.6016,86.0662,9.554,69.7831,29.1568,,29.1568,,92.1486,,84.1818,,73.2013,
